Country Name,"Adolescent fertility rate (births per 1,000 women ages 15-19)",Antiretroviral therapy coverage for PMTCT (% of pregnant women living with HIV),Battle-related deaths (number of people),CPIA building human resources rating (1=low to 6=high),CPIA business regulatory environment rating (1=low to 6=high),CPIA debt policy rating (1=low to 6=high),CPIA economic management cluster average (1=low to 6=high),CPIA efficiency of revenue mobilization rating (1=low to 6=high),CPIA equity of public resource use rating (1=low to 6=high),CPIA financial sector rating (1=low to 6=high),CPIA fiscal policy rating (1=low to 6=high),CPIA gender equality rating (1=low to 6=high),CPIA macroeconomic management rating (1=low to 6=high),CPIA policies for social inclusion/equity cluster average (1=low to 6=high),CPIA policy and institutions for environmental sustainability rating (1=low to 6=high),CPIA property rights and rule-based governance rating (1=low to 6=high),CPIA public sector management and institutions cluster average (1=low to 6=high),CPIA quality of budgetary and financial management rating (1=low to 6=high),CPIA quality of public administration rating (1=low to 6=high),CPIA social protection rating (1=low to 6=high),CPIA structural policies cluster average (1=low to 6=high),CPIA trade rating (1=low to 6=high),"CPIA transparency, accountability, and corruption in the public sector rating (1=low to 6=high)","Cause of death, by communicable diseases and maternal, prenatal and nutrition conditions (% of total)",Completeness of infant death reporting (% of reported infant deaths to estimated infant deaths),Completeness of total death reporting (% of reported total deaths to estimated total deaths),"Contraceptive prevalence, any methods (% of women ages 15-49)","Contraceptive prevalence, modern methods (% of women ages 15-49)",Demand for family planning satisfied by modern methods (% of married women with demand for family planning),"Droughts, floods, extreme temperatures (% of population, average 1990-2009)",GDP per capita (constant 2010 US$),GDP per capita (constant LCU),GDP per capita (current LCU),GDP per capita (current US$),GDP per capita growth (annual %),"GDP per capita, PPP (constant 2011 international $)","GDP per capita, PPP (current international $)","Government expenditure per student, primary (% of GDP per capita)","Government expenditure per student, secondary (% of GDP per capita)","Government expenditure per student, tertiary (% of GDP per capita)",Increase in poverty gap at $1.90 ($ 2011 PPP) poverty line due to out-of-pocket health care expenditure (% of poverty line),Increase in poverty gap at $1.90 ($ 2011 PPP) poverty line due to out-of-pocket health care expenditure (USD),Increase in poverty gap at $3.10 ($ 2011 PPP) poverty line due to out-of-pocket health care expenditure (% of poverty line),Increase in poverty gap at $3.10 ($ 2011 PPP) poverty line due to out-of-pocket health care expenditure (USD),Lifetime risk of maternal death (%),Lifetime risk of maternal death (1 in: rate varies by country),"Literacy rate, adult female (% of females ages 15 and above)","Literacy rate, adult male (% of males ages 15 and above)","Literacy rate, adult total (% of people ages 15 and above)","Literacy rate, youth (ages 15-24), gender parity index (GPI)","Literacy rate, youth female (% of females ages 15-24)","Literacy rate, youth male (% of males ages 15-24)","Literacy rate, youth total (% of people ages 15-24)","Maternal mortality ratio (modeled estimate, per 100,000 live births)","Maternal mortality ratio (national estimate, per 100,000 live births)",Merchandise exports to low- and middle-income economies outside region (% of total merchandise exports),Merchandise exports to low- and middle-income economies within region (% of total merchandise exports),Merchandise imports from low- and middle-income economies outside region (% of total merchandise imports),Merchandise imports from low- and middle-income economies within region (% of total merchandise imports),"Mortality caused by road traffic injury (per 100,000 people)","Mortality from CVD, cancer, diabetes or CRD between exact ages 30 and 70 (%)","Mortality from CVD, cancer, diabetes or CRD between exact ages 30 and 70, female (%)","Mortality from CVD, cancer, diabetes or CRD between exact ages 30 and 70, male (%)","Mortality rate attributed to household and ambient air pollution, age-standardized (per 100,000 population)","Mortality rate attributed to household and ambient air pollution, age-standardized, female (per 100,000 female population)","Mortality rate attributed to household and ambient air pollution, age-standardized, male (per 100,000 male population)","Mortality rate attributed to unintentional poisoning (per 100,000 population)","Mortality rate attributed to unintentional poisoning, female (per 100,000 female population)","Mortality rate attributed to unintentional poisoning, male (per 100,000 male population)","Mortality rate attributed to unsafe water, unsafe sanitation and lack of hygiene (per 100,000 population)","Mortality rate, adult, female (per 1,000 female adults)","Mortality rate, adult, male (per 1,000 male adults)","Mortality rate, infant (per 1,000 live births)","Mortality rate, infant, female (per 1,000 live births)","Mortality rate, infant, male (per 1,000 live births)","Mortality rate, neonatal (per 1,000 live births)","Mortality rate, under-5 (per 1,000 live births)","Mortality rate, under-5, female (per 1,000 live births)","Mortality rate, under-5, male (per 1,000 live births)",Nonpregnant and nonnursing women can do the same jobs as men (1=yes; 0=no),Number of deaths ages 5-14 years,Number of infant deaths,Number of maternal deaths,Number of neonatal deaths,Number of people pushed below the $1.90 ($ 2011 PPP) poverty line by out-of-pocket health care expenditure,Number of people pushed below the $3.10 ($ 2011 PPP) poverty line by out-of-pocket health care expenditure,Number of under-five deaths,"Population, female","Population, female (% of total population)","Population, male","Population, male (% of total population)","Population, total",Poverty gap at $1.90 a day (2011 PPP) (%),Poverty gap at $3.20 a day (2011 PPP) (%),Poverty gap at $5.50 a day (2011 PPP) (%),Poverty gap at national poverty lines (%),Poverty headcount ratio at $1.90 a day (2011 PPP) (% of population),Poverty headcount ratio at $3.20 a day (2011 PPP) (% of population),Poverty headcount ratio at $5.50 a day (2011 PPP) (% of population),Poverty headcount ratio at national poverty lines (% of population),Pregnant women receiving prenatal care (%),Prevalence of anemia among non-pregnant women (% of women ages 15-49),Prevalence of anemia among pregnant women (%),Prevalence of anemia among women of reproductive age (% of women ages 15-49),Proportion of population pushed below the $1.90 ($ 2011 PPP) poverty line by out-of-pocket health care expenditure (%),Proportion of population pushed below the $3.10 ($ 2011 PPP) poverty line by out-of-pocket health care expenditure (%),Proportion of seats held by women in national parliaments (%),Proportion of women subjected to physical and/or sexual violence in the last 12 months (% of women age 15-49),Rural poverty gap at national poverty lines (%),Rural poverty headcount ratio at national poverty lines (% of rural population),"Suicide mortality rate (per 100,000 population)","Suicide mortality rate, female (per 100,000 female population)","Suicide mortality rate, male (per 100,000 male population)",Teenage mothers (% of women ages 15-19 who have had children or are currently pregnant),Unmet need for contraception (% of married women ages 15-49),Urban poverty gap at national poverty lines (%),Urban poverty headcount ratio at national poverty lines (% of urban population),"Women making their own informed decisions regarding sexual relations, contraceptive use and reproductive health care  (% of women age 15-49)","Women participating in the three decisions (own health care, major household purchases, and visiting family) (% of women age 15-49)",Women who believe a husband is justified in beating his wife (any of five reasons) (%),Women who believe a husband is justified in beating his wife when she argues with him (%),Women who believe a husband is justified in beating his wife when she burns the food (%),Women who believe a husband is justified in beating his wife when she goes out without telling him (%),Women who believe a husband is justified in beating his wife when she neglects the children (%),Women who believe a husband is justified in beating his wife when she refuses sex with him (%),Women who were first married by age 15 (% of women ages 20-24),Women who were first married by age 18 (% of women ages 20-24),Women's share of population ages 15+ living with HIV (%)
Afghanistan,73.1264,,17273.0,3.5,2.5,3.0,3.0,3.0,3.0,2.0,2.5,1.5,3.5,2.6,2.5,1.5,2.5,3.5,2.5,2.5,2.66667,3.5,2.0,40.6,,,22.5,19.8,42.1,,574.1841142712581,14011.1633879196,35531.1966433738,578.466352941708,-1.6228866716696,1766.5930768642602,1886.6929769036103,8.29423046112061,8.36225032806396,,,,,,1.92613064033961,52.0,,,,,,,,396.0,1291.0,20.8607464619343,71.5486015263478,66.9600310249913,19.1165260251329,,29.8,27.8,31.9,,,,1.2,1.9,0.6,,206.746,248.724,54.9,50.7,58.9,41.5,73.1,68.8,77.2,0.0,10314.0,62032.0,4300.0,47429.0,,,82685.0,16674959.0,48.4545578446889,17738644.0,51.5454421553111,34413603.0,,,,,,,,,58.6,41.0,37.8,40.7,,,27.7,46.1,,,4.8,1.5,7.8,12.1,24.5,,,,32.6,80.2,59.2,18.2,66.9,48.4,33.4,8.8,34.8,
Albania,20.6922,,,,,,,,,,,,,,,,,,,,,,,2.9,,,,,,,4524.68456526035,470279.424848726,497901.727460276,3952.83078116586,2.52813373603126,10971.046329379,11662.0449328188,29.845680236816396,6.7836799621582005,13.0522499084473,,,,,0.0533605376602974,1900.0,,,,,,,,29.0,,3.85555777304479,22.506751974273,13.4776702892413,21.3848123220272,,17.4,13.7,20.9,,,,0.4,0.4,0.5,,51.035,79.984,8.3,7.7,8.9,5.9,9.4,8.6,10.1,0.0,83.0,289.0,11.0,205.0,,,325.0,1426369.0,49.514598642518216,1454334.0,50.485401357481784,2880703.0,,,,,,,,,,24.5,22.7,24.5,,,20.7,,,,6.0,4.4,7.6,,,,,,,,,,,,,,,30.3
Algeria,10.7052,28.0,110.0,,,,,,,,,,,,,,,,,,,,,15.3,,,,,,,4776.78754332509,145431.038358942,420677.489001782,4177.8889657089,1.6626602984031,13774.299411888,14710.730106735,,,,,,,,0.419341330359853,240.0,,,,,,,,140.0,,14.7762613002195,5.98129410702157,31.727216658207997,2.66902461832486,,14.4,13.3,15.4,,,,0.8,0.6,1.0,,84.44,107.191,21.4,20.0,22.8,15.5,24.9,23.5,26.4,0.0,2689.0,20332.0,1300.0,14673.0,,,23649.0,19667018.0,49.5041411878566,20061007.0,50.4958588121434,39728025.0,,,,,,,,,,34.7,38.4,34.9,,,31.6,,,,3.2,1.7,4.8,,,,,,,,,,,,,,,44.8
American Samoa,,,,,,,,,,,,,,,,,,,,,,,,,,,,,,,9835.41031865631,11628.3236579947,11843.3311832581,11843.3311832581,1.20995400985682,,,,,,,,,,,,,,,,,,,,,38.5441787576865,15.294364482360802,13.2284891675743,21.4493737368018,,,,,,,,,,,,,,,,,,,,,,,,,,,,,,,,,55812.0,,,,,,,,,,,,,,,,,,,,,,,,,,,,,,,,,,,,
Andorra,,,,,,,,,,,,,,,,,,,,,,,,,,,,,,,41767.5265081665,24373.613977516,32496.9555575496,36039.6534962289,2.39598860802923,,,13.4570903778076,14.3887195587158,27.7382106781006,,,,,,,,,,,,,,,,,,,,,,,,,,,,,,,,,3.4,3.1,3.7,1.5,3.5,3.2,3.9,,1.0,2.0,,1.0,,,2.0,,,,,78011.0,,,,,,,,,,12.8,21.2,13.1,,,39.3,,,,,,,,,,,,,,,,,,,,,
Angola,157.3554,42.0,,,,,,,,,,,,,,,,,,,,,,63.4,,,,,,,3748.3206230175897,58493.0691450529,500290.497730611,4166.97968386501,-2.46871516936926,6644.85725505813,7096.600614952209,,,,,,,,3.08488586514674,32.0,,,,,,,,477.0,,54.132180643134,4.296329967483589,32.8915384424302,6.9493070907432815,,16.9,16.3,17.6,,,,2.9,2.2,3.7,,206.219,279.712,58.2,52.1,63.9,30.6,88.9,82.4,95.1,0.0,14382.0,67337.0,5400.0,36147.0,,,100992.0,14218528.0,50.9910100765981,13665853.0,49.0089899234019,27884381.0,,,,,,,,,,46.9,50.7,47.4,,,36.8,,,,5.0,2.6,7.5,,,,,,,,,,,,,,,67.3
Antigua and Barbuda,45.813,,,,,,,,,,,,,,,,,,,,,,,12.6,,,,,,,13577.4128026007,32787.9614389842,39221.7878289122,14526.5880847823,2.9094997154827795,21426.324931214094,22882.9702199058,,,,,,,,,,99.4199981689453,98.4000015258789,98.9499969482422,,,,,,,12.385274962018098,,18.2651079071673,,,22.6,19.7,25.5,,,,0.4,0.4,0.3,,106.995,153.01,5.9,5.3,6.4,4.2,8.0,7.2,8.7,1.0,3.0,10.0,,7.0,,,13.0,48677.0,52.02449812861521,44889.0,47.97550187138479,93566.0,,,,,,,,,,21.6,24.7,21.7,,,11.1,,,,0.8,1.5,0.0,,,,,,,,,,,,,,,
Argentina,63.2644,90.0,,,,,,,,,,,,,,,,,,,,,,15.5,,,,,,,10568.1578087083,16727.4347429468,138053.315160733,13789.060424772,1.62966427946265,19243.5794686236,20551.8331920467,15.7077703475952,23.0128192901611,17.361469268798803,,,,,0.126378673709558,790.0,99.20877075195308,99.1482467651367,99.17996215820308,1.00161004066467,99.6435012817383,99.4833984375,99.559700012207,52.0,,61.03684732219421,,57.2014668693295,,,16.1,12.4,20.2,,,,0.7,0.5,0.8,,74.547,152.35399999999996,10.2,9.2,11.1,6.7,11.4,10.3,12.5,0.0,1515.0,7662.0,390.0,5042.0,,,8597.0,22026599.0,51.067922337041594,21105367.0,48.932077662958406,43131966.0,,,,,,,,,,17.2,28.0,17.6,,,,,,,8.8,3.4,14.5,,,,,,,,,,,,,,,32.0
Armenia,24.785,,9.0,,,,,,,,,,,,,,,,,,,,,3.1,,,,,,,3923.7165022155,1610643.90359703,1723993.10489333,3607.29669672271,2.73612872403588,8171.832353729449,8727.38544723722,10.961669921875,,9.81015014648438,,,,,0.0426649319269288,2300.0,,,,,,,,25.0,,27.979303343075298,33.576375066259196,23.670641074176803,41.8063714867477,,23.0,15.7,31.6,,,,0.7,0.4,1.0,,75.161,175.81400000000005,12.5,11.1,13.8,7.4,14.0,12.4,15.5,1.0,77.0,506.0,10.0,296.0,,,569.0,1550753.0,53.0071598636249,1374800.0,46.9928401363751,2925553.0,0.4,3.0,14.8,,1.9,13.5,48.3,29.8,,27.8,34.4,28.0,,,10.7,,,,7.0,3.0,11.5,,,,,,,,,,,,,,,30.9
Aruba,24.261,,,,,,,,,,,,,,,,,,,,,,,,,,,,,,24452.60657401101,31761.2443814033,46175.5206486424,25796.3802506382,-0.9915477790404168,35814.2614376623,38249.054868576,,,143.451110839844,,,,,,,,,,,,,,,,46.5728774979136,,12.7493895230532,,,,,,,,,,,,,71.506,115.343,,,,,,,,,,,,,,,,54743.0,52.465521041988104,49598.0,47.534478958011896,104341.0,,,,,,,,,,,,,,,,,,,,,,,,,,,,,,,,,,,,
Australia,13.6616,,,,,,,,,,,,,,,,,,,,,,,4.4,,,,,,,55183.73782525219,70389.668791919,68205.9263112879,56748.420260660496,0.873785641394619,44053.7311774575,46270.197398706514,18.8469295501709,17.1929092407227,21.5369606018066,,,,,0.0115212046791266,8700.0,,,,,,,,6.0,,48.6637631035507,,42.538867143467606,,,9.3,7.3,11.3,,,,0.2,0.2,0.2,,,,3.2,2.9,3.5,2.3,3.8,3.5,4.1,1.0,264.0,992.0,19.0,713.0,,,1179.0,11946177.0,50.160309780699215,11869818.0,49.839690219300785,23815995.0,,,,,,,,,,8.2,19.8,8.6,,,26.7,,,,13.8,7.2,20.4,,,,,,,,,,,,,,,10.3
Austria,7.522,,,,,,,,,,,,,,,,,,,,,,,2.4,,,,,,,47850.1676260394,36129.0275179085,39832.2919726812,44176.6717431334,0.015506133168472,44253.7542473183,49877.7133112879,23.188659667968803,27.2744007110596,35.9603996276855,,,,,0.0054918176351993,18200.0,,,,,,,,4.0,,13.7507511379708,,13.5129533932302,,,11.5,8.5,14.6,,,,0.2,0.2,0.3,,44.687,84.68799999999997,3.0,2.8,3.3,2.3,3.7,3.3,4.1,1.0,71.0,252.0,3.0,187.0,,,305.0,4411653.0,51.0448556419347,4231046.0,48.9551443580653,8642699.0,0.5,0.6,0.7,,0.7,0.7,0.9,,,16.2,24.2,16.4,,,30.6,,,,16.0,7.5,24.9,,,,,,,,,,,,,,,22.3
Azerbaijan,51.7,75.0,63.0,,,,,,,,,,,,,,,,,,,,,9.1,,,,,,,6063.73011692466,3069.17954293459,5635.62838125422,5500.32049702735,-0.145834453695798,16828.9901596414,17973.090667226297,,,17.880069732665998,,,,,0.0624985171781498,1600.0,99.7171401977539,99.8626327514648,99.7880630493164,0.999559998512268,99.9201126098633,99.9636688232422,99.94277954101558,25.0,,16.3524961147696,11.391265572757002,10.7226690912691,35.4375424370243,,22.5,16.4,29.1,,,,0.6,0.3,0.8,,85.616,174.18,23.4,20.7,26.0,13.6,26.4,23.5,29.2,0.0,391.0,4122.0,48.0,2395.0,,,4636.0,4847488.0,50.2364649252706,4801853.0,49.763535074729496,9649341.0,,,,,,,,,,37.5,39.2,37.6,,,16.9,,,,2.7,1.1,4.3,,,,,,,,,,,,,,,32.5
"Bahamas, The",29.1548,,,,,,,,,,,,,,,,,,,,,,,15.7,,,,,,,28117.0558990781,28786.5507233983,31512.856554945694,31512.856554945694,0.0801603484320594,29366.0597007094,31362.4791822494,,,,,,,,0.1519944265784039,660.0,,,,,,,,80.0,,25.1407384091709,,10.2476164283311,,,15.6,12.8,18.8,,,,0.1,0.1,0.2,,118.763,198.415,6.4,6.0,6.8,4.4,8.0,7.5,8.6,1.0,14.0,36.0,5.0,25.0,,,45.0,191040.0,51.0521200088926,183166.0,48.9478799911074,374206.0,,,,,,,,,,22.5,27.2,22.7,,,13.2,,,,1.8,0.5,3.0,,,,,,,,,,,,,,,45.9
Bahrain,13.618,,,,,,,,,,,,,,,,,,,,,,,7.0,,,,,,,22436.2729506264,8436.047354997008,8531.04309433021,22688.9443998144,0.1794682235146039,43926.6021157475,46912.9041636047,11.163649559021,17.5083694458008,,,,,,0.0336879110838102,3000.0,,,,,,,,15.0,,19.6338555917207,,23.9589298608797,,,11.7,12.2,11.4,,,,0.2,0.1,0.3,,58.897,74.471,6.5,6.3,6.7,3.2,7.6,7.3,7.9,0.0,34.0,139.0,3.0,69.0,,,161.0,525096.0,38.27648342612721,846755.0,61.723516573872786,1371851.0,,,,,,,,,,41.6,42.6,41.7,,,7.5,,,,5.9,2.0,8.3,,,,,,,,,,,,,,,35.4
Bangladesh,85.3076,15.0,,4.0,3.0,4.0,3.83333,3.0,3.5,2.5,3.5,3.5,4.0,3.5,3.0,3.0,2.9,3.0,3.0,3.5,3.0,3.5,2.5,27.0,,,,,,,1002.38885345832,52789.0732529681,97007.4507599298,1248.45339778371,5.36878342333158,3231.69523717156,3451.3985067161707,,,,,,,,0.421170638324937,240.0,62.2529907226563,68.05535888671879,65.1373291015625,1.03883004188538,89.5350570678711,86.1879501342773,87.8887710571289,176.0,,7.92921644596275,2.2224886940509903,40.1094019351532,15.6049408185381,,21.7,20.7,22.7,,,,0.3,0.2,0.4,,109.465,150.041,29.8,27.5,32.0,20.7,36.4,33.8,38.8,0.0,17857.0,92525.0,5500.0,64518.0,,,113357.0,77408385.0,49.539376606908,78847891.0,50.460623393092,156256276.0,,,,,,,,,,39.4,45.8,39.7,,,20.0,,,,6.1,7.4,4.7,,,,,,,,,,,,,,,33.8
Barbados,41.1162,,,,,,,,,,,,,,,,,,,,,,,12.9,,,,,,,16174.9061322934,3911.34289439374,32132.9436009589,16066.4718004795,0.727688959828001,16396.2920104355,17510.9760071399,,,,,,,,0.0472529213506724,2100.0,,,,,,,,27.0,,29.9625602946027,,20.3514352906722,,,16.3,13.1,19.9,,,,0.2,0.2,0.2,,74.168,124.019,12.1,11.0,13.2,8.6,13.1,11.9,14.3,0.0,8.0,41.0,1.0,29.0,,,45.0,148616.0,52.086851883127785,136708.0,47.913148116872215,285324.0,,,,,,,,,,20.9,25.4,21.1,,,16.7,,,,0.7,0.5,1.0,,,,,,,,,,,,,,,31.0
Belarus,18.7992,95.0,,,,,,,,,,,,,,,,,,,,,,2.3,,,,,,,6545.7805269077,8166.129166870401,9474.546704524191,5949.106306997479,-3.98264886374076,17219.1206477761,18389.7437503155,,,15.9520597457886,,,,,0.0072208061550996,13800.0,,,,,,,,4.0,,10.7608044110748,54.675282267837,12.1367233267493,63.6628103991057,,24.5,14.4,36.4,,,,2.7,1.1,4.4,,82.36,245.384,3.1,2.7,3.4,1.7,4.1,3.6,4.5,0.0,152.0,352.0,5.0,191.0,,,462.0,5074666.0,53.4759897796416,4414950.0,46.5240102203584,9489616.0,0.0,0.0,0.1,,0.0,0.0,0.9,5.1,,21.8,23.7,21.9,,,27.3,,,8.7,26.3,8.3,47.0,,,,3.7,,,,,,,,,,,40.7
Belgium,5.3384,,,,,,,,,,,,,,,,,,,,,,,7.8,,,,,,,45174.0108192611,34108.4088302173,36464.0369920835,40441.0520422361,1.15175897219804,41820.8268335992,45592.35617627201,22.0710391998291,,32.3177909851074,,,,,0.0125656689169982,8000.0,,,,,,,,7.0,,13.6668059593137,,17.6187890229809,,,11.6,8.8,14.4,,,,0.2,0.2,0.3,,53.933,89.305,3.2,2.8,3.6,2.2,4.0,3.5,4.4,1.0,112.0,414.0,9.0,283.0,,,511.0,5732314.0,50.8445436103392,5541882.0,49.1554563896608,11274196.0,0.0,0.1,0.1,,0.0,0.2,0.2,,,15.0,23.1,15.3,,,39.3,,,,20.1,13.4,27.0,,,,,,,,,,,,,,,
Belize,65.9792,59.0,,,,,,,,,,,,,,,,,,,,,,19.1,,,,,,,4401.88867903368,7718.96002859256,9766.35802212599,4883.179011063,1.26348827778328,7976.8994804431295,8519.20027555645,14.939220428466802,25.714990615844695,32.6216011047363,,,,,0.079141228679211,1300.0,,,,,,,,28.0,,0.544082075054912,11.677092050813403,14.6432086966518,25.0925533146614,,22.4,18.8,25.7,,,,0.5,0.3,0.7,,128.639,220.346,13.4,12.0,14.8,9.6,15.6,14.1,17.1,0.0,23.0,109.0,2.0,78.0,,,126.0,181006.0,50.1496018503314,179927.0,49.8503981496686,360933.0,,,,,,,,,97.2,21.2,21.1,21.1,,,3.1,,,,4.8,1.7,7.9,,,,,,,,,,,,,,,46.5
Benin,90.2036,68.0,,3.5,3.5,4.0,3.83333,3.5,3.5,3.0,3.5,3.5,4.0,3.4,3.5,3.0,3.3,3.5,3.0,3.0,3.5,4.0,3.5,54.8,,,,,,,827.835457935714,372406.1909509421,463674.570383829,783.963077800944,-0.695138395049582,1987.14191963108,2122.2355917603304,9.1557502746582,10.8376197814941,72.9777297973633,,,,,1.9740659316900304,51.0,,,,,,,,405.0,,55.043062208147795,25.3097348160613,38.6680750512233,17.766451717859002,,19.7,19.4,20.0,,,,3.6,2.8,4.4,,219.592,266.315,66.6,60.6,72.1,33.7,103.7,97.8,109.3,0.0,6881.0,25886.0,1600.0,13355.0,,,39781.0,5305825.0,50.1687695171371,5270127.0,49.8312304828629,10575952.0,22.4,39.5,59.2,,49.5,76.2,90.6,40.1,,46.9,56.5,47.8,,,7.2,,,,9.9,6.0,13.9,,,,,,,,,,,,,,,61.7
Bermuda,,,,,,,,,,,,,,,,,,,,,,,,,,,,,,,,,,,,,,8.18712997436523,12.1317195892334,,,,,,,,,,,,,,,,,15.5955754623167,,5.63112674872986,,,,,,,,,,,,,,,,,,,,,,,,,,,,,,,,,,65239.0,,,,,,,,,,,,,,,,,,,,,,,,,,,,,,,,,,,,
Bhutan,23.8214,,,4.5,3.5,4.0,3.83333,3.5,4.5,3.0,3.5,4.0,4.0,4.0,4.0,3.5,3.8,3.5,4.0,3.0,3.16667,3.0,4.5,21.1,,,,,,,2844.32290157861,81504.5831982371,181542.900164314,2829.89124506544,5.35230423484964,8380.1235184464,8949.83705919535,,32.0722999572754,,,,,,0.324892973633816,310.0,,,,,,,,148.0,,0.249962327815432,94.542022194713,2.5212856473492,86.06164495214199,,23.7,25.4,22.4,,,,0.6,0.5,0.7,,209.353,206.653,27.6,24.9,30.0,18.3,33.4,30.3,36.2,0.0,116.0,399.0,20.0,266.0,,,484.0,341059.0,46.8567553185409,386817.0,53.1432446814591,727876.0,,,,,,,,,,36.2,33.4,36.1,,,8.5,,,,11.6,8.7,14.1,,,,,,,,,,,,,,,
Bolivia,69.9186,81.0,,3.5,2.5,4.5,3.66667,4.0,4.0,3.0,3.5,4.0,3.0,3.7,3.5,2.5,3.1,3.0,3.0,3.5,3.33333,4.5,3.0,23.1,,,,,,,2361.056581219789,3915.42365817734,20978.568004909,3035.97221489277,3.28271871061374,6444.37511535808,6882.48891604412,,,,,,,,0.643990641431459,160.0,88.5828628540039,96.5227508544922,92.455078125,1.0001000165939302,99.4042129516602,99.3940200805664,99.399169921875,206.0,,8.368773703937059,40.468808125213705,22.6485514404377,28.742656151660103,,17.4,17.0,17.8,,,,2.1,1.5,2.8,,152.314,216.726,30.0,26.7,33.1,19.9,37.5,33.9,40.9,0.0,1473.0,7535.0,520.0,5028.0,,,9425.0,5426393.0,49.922063109812896,5443337.0,50.077936890187104,10869730.0,2.8,5.3,10.7,16.8,6.4,11.7,25.6,38.6,,29.4,36.5,29.8,,,53.1,,,,12.4,8.8,15.9,,,,,,,,,,,,,2.4,19.4,30.6
Bosnia and Herzegovina,10.8342,,,,,,,,,,,,,,,,,,,,,,,1.8,,,,,,,5352.40178524424,7903.891716270171,8336.55395276263,4727.277546222071,4.6737034427674296,11273.5262651636,12013.9908004692,,,,,,,,0.0146235949769799,6800.0,,,,,,,,11.0,,1.76727794544563,22.1098495137816,11.175024796761804,24.415874298453694,,18.2,13.2,23.6,,,,0.5,0.4,0.6,,64.788,127.346,5.2,4.7,5.6,4.2,6.0,5.4,6.6,0.0,39.0,169.0,4.0,138.0,,,196.0,1746182.0,50.918577866517,1683179.0,49.081422133483,3429361.0,,,,,,,,16.9,,28.6,29.5,28.6,,,21.4,,,,8.9,3.7,14.3,,,,,,,,,,,,,,,
Botswana,33.4544,92.0,,,,,,,,,,,,,,,,,,,,,,47.9,,,,,,,7613.69840975739,40591.2908659151,68875.9362404018,6799.8752335276795,-3.18599697312145,15659.8968068401,16724.5177802601,,,,,,,,0.3748789292849021,270.0,,,,,,,,129.0,,14.5198811434225,29.194074449236695,2.79810794270353,74.12851949737559,,20.7,18.2,23.7,,,,1.2,1.1,1.2,,194.629,302.561,33.1,29.8,36.3,27.0,40.6,36.8,44.2,1.0,298.0,1755.0,72.0,1439.0,,,2148.0,1072797.0,50.58652586123,1047919.0,49.41347413877,2120716.0,4.3,13.8,29.4,,16.1,38.5,60.4,,,29.4,33.7,29.7,,,9.5,,,,9.7,4.6,14.8,,,,,,,,,,,,,,,57.1
Brazil,63.7578,80.0,,,,,,,,,,,,,,,,,,,,,,13.8,,,,,,,11431.1544808449,20109.6869627024,29323.2998830269,8814.000986812609,-4.35148398862317,14807.220554528798,15813.8732646232,20.2011394500732,21.6834506988525,33.284069061279304,,,,,0.080088381024304,1200.0,92.3437881469727,91.72515869140628,92.0478973388672,1.00761997699738,99.3467025756836,98.5958633422852,98.963752746582,44.0,,34.0810308563626,9.31758431571568,32.1888680418611,6.538153520886519,,17.0,13.8,20.5,,,,0.2,0.2,0.2,,95.103,193.622,14.0,12.3,15.7,9.4,15.7,13.8,17.6,0.0,8106.0,41706.0,1300.0,27869.0,,,46747.0,103920949.0,50.824106425943,100550820.0,49.175893574057,204471769.0,1.2,2.9,7.3,,3.4,8.0,19.4,,97.2,26.0,37.2,26.4,,,9.9,,,,6.5,3.2,9.9,,,,,,,,,,,,,,,35.6
British Virgin Islands,,,,,,,,,,,,,,,,,,,,,,,,,,,,,,,,,,,,,,9.08450984954834,17.2989902496338,49.25854873657229,,,,,,,,,,,,,,,,,,,,,,,,,,,,,,,,,,,,,,,,,,,,,,,,,,,,29152.0,,,,,,,,,,,,,,,,,,,,,,,,,,,,,,,,,,,,
Brunei Darussalam,11.6092,,,,,,,,,,,,,,,,,,,,,,,8.0,,,,,,,32869.2866185522,44817.2723043959,42848.156333829,31164.562029114102,-1.7981452601464298,75073.9365712816,80177.75611855151,,,,,,,,0.0433951703880117,2300.0,,,,,,,,23.0,,26.6338142638649,,42.755071772492,,,17.0,15.3,18.7,,,,0.3,0.2,0.4,,73.057,103.129,9.0,7.9,9.3,4.7,10.5,9.6,11.4,1.0,15.0,60.0,2.0,32.0,,,71.0,201166.0,48.4847178514463,213741.0,51.5152821485537,414907.0,,,,,,,,,,15.5,26.6,15.9,,,,,,,4.5,2.6,6.2,,,,,,,,,,,,,,,
Bulgaria,41.0864,,,,,,,,,,,,,,,,,,,,,,,2.3,,,,,,,7611.550878008771,11245.3052671702,12339.8315768298,6993.783482673871,4.1335148993609305,16999.111976622902,18186.4863591477,,,,,,,,0.0161819666750275,6200.0,,,,,,,,11.0,,8.94179358282342,24.7655311643652,7.53436416133179,30.0239309044171,,23.8,15.7,32.2,,,,0.6,0.4,0.8,,,,7.0,6.2,7.8,4.1,8.3,7.4,9.2,0.0,121.0,472.0,7.0,273.0,,,562.0,3687600.0,51.373702314155295,3490391.0,48.626297685844705,7177991.0,,,,,,,,22.9,,25.6,27.6,25.6,,,20.4,,,,11.4,5.1,18.1,,,,,,,,,,,,,,,21.9
Burkina Faso,108.7606,83.0,,3.5,3.5,4.0,3.8333333333333295,3.5,4.0,3.0,3.5,3.5,4.0,3.6,4.0,3.0,3.5,4.0,3.5,3.0,3.5,4.0,3.5,57.3,,,20.8,20.0,37.2,,645.369860579085,241680.91149703105,340269.446265352,575.3144541763111,0.8850544483010909,1596.33458051647,1704.85964271681,15.9679298400879,17.262229919433597,123.215202331543,,,,,2.0701273348727303,48.0,,,,,,,,371.0,,14.859301147077598,15.9795440323239,27.9459027402537,22.2930614693812,,21.9,21.4,22.6,,,,3.0,2.6,3.4,,242.487,273.42900000000003,54.3,49.6,58.7,26.6,88.4,83.9,92.5,0.0,13826.0,38207.0,2700.0,19013.0,,,61274.0,9091848.0,50.20173803033529,9018776.0,49.7982619696646,18110624.0,,,,,,,,,92.8,48.7,57.7,49.7,,,9.4,,,,7.7,5.3,10.2,,33.0,,,,,,,,,,,,,59.0
Burundi,28.0212,82.0,133.0,4.0,3.0,2.5,2.8333333333333304,3.0,4.0,3.0,3.0,4.0,3.0,3.6,3.0,2.0,2.5,3.0,2.5,3.0,3.3333333333333304,4.0,2.0,56.8,,,,,,,228.432544171606,169498.706667205,480293.168425684,305.549772797441,-6.886405717196231,715.54988614254,764.195763296907,,,,,,,,4.27294827484083,23.0,,,,,,,,712.0,,2.6191512859681203,45.0114740481194,32.4622929785923,26.876062353470303,,22.8,22.7,23.0,,,,5.3,3.7,6.9,,265.208,323.166,45.9,41.1,50.4,23.4,67.1,62.1,72.0,1.0,6475.0,19683.0,3500.0,10237.0,,,28236.0,5164052.0,50.8271329694575,4995978.0,49.1728670305425,10160030.0,,,,,,,,,,25.5,31.2,26.2,,,36.4,,,,8.9,4.8,13.1,,,,,,,,,,,,,,,62.3
Cabo Verde,75.7158,95.0,,4.5,3.5,3.5,3.66667,4.0,3.5,3.5,3.5,4.0,4.0,3.8,3.0,4.0,4.0,3.5,4.0,4.0,3.83333,4.5,4.5,19.8,,,,,,,3414.5579842107104,267362.51593637303,302432.074939542,3043.01398430098,-0.239305247553261,6007.218290250699,6415.61246184696,16.8834590911865,18.9444808959961,41.2433090209961,,,,,0.111282934081365,900.0,82.04222106933591,91.69143676757808,86.79029083251949,1.01173996925354,98.7301788330078,97.5850067138672,98.1113128662109,42.0,,2.24492345532425,1.50526550620231,15.433503150966198,1.3678828134416698,,17.4,16.1,19.1,,,,0.5,0.5,0.6,,102.445,147.85299999999995,16.9,15.2,18.5,11.8,19.7,17.8,21.6,1.0,26.0,190.0,5.0,133.0,,,222.0,263446.0,50.2047257688006,261297.0,49.7952742311994,524743.0,,,,,,,,35.0,,32.0,42.8,32.5,,,20.8,,,,11.0,6.1,16.1,,,,,,,,,,,,,,,59.3
Cambodia,49.6326,83.0,,4.0,3.0,4.5,4.0,3.5,3.5,3.0,3.5,4.0,4.0,3.4,3.0,2.5,2.7,3.0,2.5,2.5,3.5,4.5,2.0,26.7,,,,,,,1024.62136452219,2770959.67903356,4730406.48821411,1162.90491997151,5.333233002953009,3290.14654193512,3513.82355956649,,,,,,,,0.472972946499204,210.0,75.0338668823242,86.53244018554692,80.5264892578125,1.00771999359131,92.5732803344727,91.8641204833984,92.2123565673828,161.0,,2.6329801984410803,12.9645794140916,1.81616238584081,62.1653430823112,,21.3,19.4,24.0,,,,0.6,0.5,0.7,,142.84,208.468,27.5,24.1,30.6,16.3,32.0,28.2,35.5,1.0,1789.0,10049.0,590.0,6001.0,,,11694.0,7951003.0,51.2259478350619,7570433.0,48.7740521649381,15521436.0,,,,,,,,,,45.9,55.4,46.4,,,20.3,,,,5.3,2.9,7.8,,,,,,,,,,,,,,,52.6
Cameroon,111.8636,89.0,924.0,3.0,3.0,3.5,3.5,3.5,3.0,3.0,3.0,3.0,4.0,3.0,3.0,2.5,2.9,3.0,3.0,3.0,3.16667,3.5,2.5,54.8,,,,,,,1440.3787999024896,619050.5704090521,784835.3155036441,1326.96927718029,2.85576646935637,3223.5827301615004,3442.73447978125,,,,,,,,2.88839261775741,35.0,,,,,,,,596.0,,35.8831620014499,12.0147774872673,36.08940512177779,23.5805749611776,,21.8,21.0,22.6,,,,3.3,2.3,4.2,,324.623,355.63,58.2,52.6,63.6,26.5,90.1,84.1,95.7,0.0,18830.0,48247.0,5100.0,22316.0,,,73898.0,11642235.0,49.97017455450911,11656133.0,50.02982544549089,23298368.0,,,,,,,,,,40.4,49.4,41.2,,,31.1,,,,12.3,7.3,17.3,,,,,,,,,,,,,,,64.9
Canada,10.1748,,,,,,,,,,,,,,,,,,,,,,,5.5,,,,,,,50255.5724469285,51768.9051911402,55620.8754760256,43495.0543869902,-0.0742695551036547,43105.6755729084,44567.8663498079,17.615909576415998,,37.0360107421875,,,,,0.0113285425503039,8800.0,,,,,,,,7.0,,9.89789581227879,,25.9624241494932,,,10.0,8.3,11.8,,,,0.3,0.3,0.3,,,,4.7,4.3,5.0,3.6,5.3,4.9,5.7,1.0,425.0,1798.0,27.0,1382.0,,,2054.0,17993045.0,50.39658182461911,17709863.0,49.603418175380895,35702908.0,,,,,,,,,,8.9,17.2,9.1,,,26.0,,,,12.5,7.0,18.2,,,,,,,,,,,,,,,
Cayman Islands,,,,,,,,,,,,,,,,,,,,,,,,,,,,,,,,63564.529479360186,63564.5294998467,,1.3736931083511998,63794.3378777821,68131.3262326776,,,,,,,,,,,,,,,,,,,,,,,,,,,,,,,,,,,,,,,,,,,,,,,,,,,,,,,61724.0,,,,,,,,,,,,,,,,,,,,,,,,,,,,,,,,,,,,
Central African Republic,107.7732,54.0,,2.5,2.0,3.0,3.0,2.5,2.0,2.5,3.0,2.5,3.0,2.3,2.5,1.5,2.2,2.5,2.0,2.0,2.33333,2.5,2.5,64.7,,,,,,,349.166097359486,146229.49944026198,224989.929159146,380.404293450491,3.88805127987,702.985324358434,750.7770135087441,,,,,,,,3.66834268077078,27.0,,,,,,,,882.0,,4.3280742041031495,10.9179406044837,23.064221209091706,21.61447920039781,,23.7,23.1,24.5,,,,3.5,2.4,4.5,,395.429,426.72,91.6,83.9,98.7,43.1,130.2,123.3,136.8,0.0,2108.0,14977.0,1400.0,7149.0,,,21387.0,2277003.0,50.6769864211172,2216167.0,49.3230135788828,4493170.0,,,,,,,,,,45.3,52.5,45.9,,,,,,,8.1,4.3,11.9,,,,,,,,,,,,,,,58.2
Chad,167.942,64.0,275.0,2.5,2.5,3.5,3.16667,3.0,2.5,2.5,3.0,2.5,3.0,2.6,2.5,2.5,2.7,3.0,2.5,3.0,2.66667,3.0,2.5,63.7,,,5.7,5.0,17.5,,955.7273254406932,398515.552610645,458791.826929039,775.707523514754,-0.4907740242796311,2052.2236152887,2191.74179538487,,,,,,,,5.518801588691349,18.0,13.9334096908569,38.9182014465332,26.002990722656303,0.501460015773773,25.9936199188232,51.83629989624021,38.7724189758301,856.0,860.0,22.5950545387732,0.1912610295598169,26.365367369155894,22.3704299036539,,24.1,23.8,24.4,,,,3.7,2.5,4.9,,341.536,384.798,76.7,69.8,83.4,35.9,130.8,123.6,137.8,0.0,11737.0,46145.0,5400.0,22076.0,,,77307.0,7048974.0,49.9538381833815,7062001.0,50.0461618166185,14110975.0,,,,,,,,,54.7,46.9,52.4,47.7,,,14.9,17.5,,,8.9,7.5,10.2,35.9,22.9,,,27.1,17.4,73.5,49.8,48.6,59.0,59.7,40.6,29.7,66.9,60.5
Channel Islands,7.3012,,,,,,,,,,,,,,,,,,,,,,,,,,,,,,,,,,,,,,,,,,,,,,,,,,,,,,,,,,,,,,,,,,,,,,42.53,60.131,,,,,,,,,,,,,,,,83387.0,50.41984989221311,81998.0,49.58015010778689,165385.0,,,,,,,,,,,,,,,,,,,,,,,,,,,,,,,,,,,,
Chile,47.526,86.0,,,,,,,,,,,,,,,,,,,,,,7.5,,,,,,,14722.366327632,7988300.65370189,8879192.71827428,13574.1715039612,1.10594434537859,22257.312053650097,22688.0100281186,15.0078601837158,16.440069198608402,18.1971492767334,,,,,0.0391481199687158,2600.0,96.74395751953128,97.02468872070308,96.8741302490234,1.00173997879028,99.440559387207,99.2675399780273,99.3539428710938,22.0,,49.6852378564607,,46.8080103019886,,,12.5,10.2,15.0,,,,0.2,0.1,0.3,,67.179,110.554,6.7,6.1,7.3,5.3,7.9,7.2,8.6,0.0,388.0,1611.0,52.0,1256.0,,,1891.0,9070493.0,50.4775714344505,8898860.0,49.5224285655495,17969353.0,0.8,1.3,3.3,,1.3,3.1,10.1,11.7,,13.5,26.2,13.9,,,15.8,,,,10.9,4.4,17.5,,,,,,,,,,,,,,,26.2
China,6.5968,,5.0,,,,,,,,,,,,,,,,,,,,,3.9,,,,,,,6484.43594759644,50027.9240384475,50027.9240384475,8033.388043106791,6.363469300075611,13534.8462367331,14454.9979691089,,,,,,,,0.0423007617254136,2400.0,,,,,,,,27.0,,18.1846252701553,10.1116524288546,14.8389194863151,10.544887173172,,17.4,14.4,20.2,,,,1.4,1.6,1.1,,68.05199999999999,93.429,9.2,8.6,9.8,5.5,10.8,10.0,11.4,0.0,40395.0,157915.0,4400.0,93745.0,,,184170.0,664756807.0,48.479223381252794,706463193.0,51.52077661874721,1371220000.0,0.2,1.4,7.8,,0.7,7.0,27.2,5.7,96.5,24.5,31.1,24.7,,,23.6,,,,9.6,10.3,8.9,,,,,,,,,,,,,,,
Colombia,51.537,53.0,134.0,,,,,,,,,,,,,,,,,,,,,10.3,,,81.0,75.9,86.5,,7572.365504907059,16933516.5266094,16933516.5266094,6175.87602970259,1.76118405663533,13114.5736261796,14006.1535843433,17.79541015625,16.0305099487305,20.2346591949463,,,,,0.125686759130017,800.0,94.4158172607422,94.0631713867188,94.2450485229492,1.00774002075195,98.9153366088867,98.15518188476558,98.53472900390628,64.0,,10.5364384483472,20.15494354005,24.866614560781606,16.0455444971954,,15.9,13.7,18.5,,,,0.4,0.2,0.5,,89.3,190.835,13.5,11.9,15.1,8.6,15.7,13.9,17.5,0.0,2347.0,10106.0,480.0,6386.0,,,11791.0,24125707.0,50.7688719978874,23394960.0,49.2311280021126,47520667.0,1.8,4.3,11.0,10.3,4.5,11.9,28.7,27.8,97.2,20.9,27.3,21.1,,,19.9,,15.7,40.3,8.3,3.3,13.4,17.4,6.7,8.7,24.1,,72.1,3.1,1.3,1.1,1.2,2.4,1.1,4.9,23.4,25.8
Comoros,68.98899999999999,,,3.5,3.0,3.0,2.83333,2.5,2.5,2.5,2.5,3.0,3.0,2.9,3.0,3.0,2.6,2.5,2.5,2.5,3.0,3.5,2.5,48.2,,,,,,,1352.12677184471,474324.178311964,563824.888349215,1271.05704163196,-1.2452636629693898,2494.27415988142,2663.8446632393693,,,,,,,,1.51743712608214,66.0,,,,,,,,335.0,,20.883216867079803,10.9494556534695,29.6290025793265,17.3689388044483,,23.0,21.3,24.8,,,,2.4,2.0,2.9,,201.945,252.602,54.9,49.8,59.9,33.1,73.2,67.3,78.8,1.0,144.0,1405.0,88.0,859.0,,,1861.0,385341.0,49.5663303041412,392083.0,50.4336696958588,777424.0,,,,,,,,,,28.0,33.8,28.5,,,3.0,,,,6.8,3.6,9.9,,,,,,,,,,,,,,,46.9
"Congo, Dem. Rep.",126.2696,59.0,197.0,3.5,3.0,3.5,3.5,3.0,3.5,2.5,3.5,2.5,3.5,3.0,3.0,2.0,2.5,3.0,2.5,2.5,3.0,3.5,2.0,62.8,,,,,,,411.020573085248,141529.86466974,460508.0459519421,497.316960805998,3.44260459796983,811.892718057311,867.088357369135,,,,,,,,4.09065618786047,24.0,,,,,,,,693.0,,42.2231800022919,41.68799115471179,31.4456009888444,41.9989047073104,,19.4,19.2,19.6,,,,3.3,2.5,4.0,,235.692,284.355,74.1,67.2,80.5,30.0,97.6,90.2,104.8,0.0,62186.0,236562.0,22000.0,97832.0,,,308178.0,38224570.0,50.134170658368504,38019974.0,49.865829341631496,76244544.0,,,,,,,,,,41.2,45.0,41.7,,,8.9,,,,5.6,2.9,8.3,,,,,,,,,,,,,,,72.6
"Congo, Rep.",116.3622,18.0,,3.5,2.5,3.5,3.5,3.0,3.0,3.0,3.5,3.0,3.5,3.0,3.0,2.5,2.5,2.5,2.5,2.5,3.0,3.5,2.0,57.4,,,30.1,18.5,38.5,,3009.60068643053,346359.163072386,1041733.9446613,1761.32356974061,0.12854665941984,5702.1829761714,6089.839655240849,,,,,,,,2.2239749944736,45.0,,,,,,,,442.0,,33.6617972937463,27.568378452979303,13.1957186061442,35.2572454868764,,17.0,17.8,16.1,,,,1.3,1.1,1.5,,244.476,279.972,36.9,33.0,40.5,20.3,51.3,46.9,55.5,0.0,1538.0,6440.0,740.0,3576.0,,,8898.0,2426956.0,49.9775204157862,2429139.0,50.0224795842138,4856095.0,,,,,,,,,93.5,51.6,57.6,52.2,,,7.4,,,,6.1,3.5,8.7,,17.9,,,,,,,,,,,6.9,27.3,67.1
Costa Rica,55.701,65.0,,,,,,,,,,,,,,,,,,,,,,6.5,,,77.8,74.9,,,9219.3902349299,5289095.06110348,6040131.43047737,11299.1361770439,2.51140318948246,14617.1486695105,15610.8795501867,26.4952697753906,24.918870925903303,34.7868614196777,,,,,0.0476442590364388,2100.0,,,,,,,,25.0,,1.99251976726715,26.256813055733105,16.3952252554847,18.0957817360643,,11.6,9.5,13.7,,,,0.3,0.1,0.4,,59.535,111.808,8.2,7.4,8.9,6.1,9.4,8.5,10.2,0.0,129.0,572.0,18.0,429.0,,,657.0,2422267.0,49.966273857112206,2425537.0,50.033726142887794,4847804.0,0.6,1.4,3.9,8.8,1.5,4.0,11.5,21.7,,13.9,24.2,14.3,,,33.3,,11.9,27.9,7.9,2.4,13.4,,,7.6,19.4,,,,,,,,,,,28.4
Cote d'Ivoire,134.061,66.0,,3.5,3.0,3.5,3.66667,3.5,3.0,3.0,3.5,3.0,4.0,3.0,3.0,3.0,3.1,3.0,3.0,2.5,3.33333,4.0,3.0,53.5,,,,,,,1462.28392207852,687219.096171069,843677.790152244,1426.45784543221,6.1320680300342,3225.1888592198493,3444.4497997687104,13.414529800415002,23.4948406219482,123.640258789063,,,,,3.16816116729078,32.0,,,,,,,,645.0,,15.9330546635384,26.9076381900308,30.282557668161303,20.238186773578104,,29.3,30.3,28.5,,,,4.0,2.9,5.1,,377.062,415.854,67.8,60.0,75.2,34.6,94.9,86.0,103.4,0.0,17687.0,57024.0,5400.0,29697.0,,,78903.0,11437904.0,49.245815723814296,11788239.0,50.75418427618579,23226143.0,9.1,23.3,43.6,16.3,28.2,57.4,82.3,46.3,,51.8,59.3,52.5,,,9.2,,21.5,56.8,14.4,8.2,20.5,,,11.2,35.9,,,,,,,,,,,57.8
Croatia,9.8238,,,,,,,,,,,,,,,,,,,,,,,2.0,,,,,,,14117.2910112339,77616.865979764,80791.6740967988,11780.1312419694,3.24796108608845,21025.9305447293,23008.188719849702,,,,,,,,0.0127185363362245,7900.0,,,,,,,,8.0,,28.3072255266011,,18.609849588682,,,17.2,11.1,23.5,,,,0.2,0.2,0.2,,56.191,132.062,4.1,3.8,4.4,3.1,4.8,4.4,5.2,1.0,48.0,164.0,3.0,123.0,,,194.0,2178188.0,51.8171564116644,2025416.0,48.1828435883356,4203604.0,0.3,0.6,1.6,,0.7,1.2,5.5,19.5,,26.5,28.4,26.6,,,15.2,,,,17.8,9.4,26.8,,,,,,,,,,,,,,,
Cuba,46.4086,95.0,,,,,,,,,,,,,,,,,,,,,,8.3,,,,,,,6522.736799041851,4812.4550929505795,7694.0119195241,7694.0119195241,4.27326022419349,,,,,,,,,,0.0566101997505584,1800.0,,,,,,,,39.0,,35.170947463776,28.9670895111564,37.9535976100038,16.9943201585634,,16.6,14.0,19.1,,,,0.3,0.5,0.1,,70.921,107.558,4.3,3.8,4.7,2.4,5.6,5.0,6.2,,243.0,536.0,45.0,295.0,,,702.0,5657982.0,49.961069443841,5666799.0,50.038930556159,11324781.0,,,,,,,,,,24.6,28.2,24.7,,,48.9,,,,13.7,5.6,21.8,,,,,,,,,,,,,,,27.5
Curacao,32.8964,,,,,,,,,,,,,,,,,,,,,,,,,,,,,,,25372.9220956888,35712.8769464489,19951.3279030441,-1.03588331857186,26168.766671349706,27947.8216798529,,,,,,,,,,,,,,,,,,,71.6332259506384,,32.7925575959131,,,,,,,,,,,,,65.589,135.838,,,,,,,,,,,,,,,,85702.0,54.2488623921725,72278.0,45.7511376078275,157980.0,,,,,,,,,,,,,,,,,,,,,,,,,,,,,,,,,,,,
Cyprus,4.8136,,,,,,,,,,,,,,,,,,,,,,,4.4,,,,,,,27874.158310133906,21044.9895241511,20935.2054587667,23217.4841507892,2.5444893465441,30673.3025195789,31578.3544277306,32.1951713562012,39.399440765380895,29.2765293121338,,,,,0.0106710874824411,9400.0,,,,,,,,7.0,,25.516753377168797,,19.9826743087323,,,11.5,7.6,15.4,,,,0.1,0.1,0.1,,34.322,68.965,2.3,2.1,2.5,1.7,2.9,2.7,3.1,0.0,11.0,30.0,1.0,22.0,,,37.0,579589.0,49.9221780163878,581396.0,50.0778219836122,1160985.0,0.0,0.0,0.0,,0.0,0.0,0.2,,,23.9,28.7,24.1,,,12.5,,,,4.9,2.5,7.3,,,,,,,,,,,,,,,18.9
Czech Republic,10.4158,,,,,,,,,,,,,,,,,,,,,,,5.1,,,,,,,21381.703080832,408353.110863499,435782.030045536,17715.6168523009,5.10241576680677,30605.420521147094,33691.4242392608,14.9471797943115,23.6676998138428,20.9886302947998,,,,,0.0067667530167895,14800.0,,,,,,,,4.0,,10.4956915339156,,16.739890883817694,,,15.5,10.6,20.7,,,,0.3,0.2,0.4,,52.944,112.133,2.5,2.2,2.8,1.6,3.1,2.8,3.5,0.0,95.0,275.0,5.0,175.0,,,346.0,5364012.0,50.86271252359071,5182047.0,49.13728747640929,10546059.0,0.0,0.0,0.0,,0.0,0.0,0.4,,,24.9,26.2,24.9,,,20.0,,,,13.7,5.0,22.6,,,,,,,,,,,,,,,12.0
Denmark,4.2482,,,,,,,,,,,,,,,,,,,,,,,6.3,,,,,,,60402.1332196008,339706.12738702697,358293.673087436,53254.8505904922,1.62219521953118,45787.987873205195,49058.4960789392,,,,,,,,0.0105353605844449,9500.0,,,,,,,,6.0,,12.6222959219334,,15.39195473816,,,11.7,9.9,13.5,,,,0.2,0.1,0.2,,51.397,82.945,3.6,3.2,3.9,3.1,4.2,3.8,4.6,1.0,38.0,210.0,4.0,183.0,,,249.0,2857267.0,50.2731645834414,2826216.0,49.7268354165586,5683483.0,0.1,0.2,0.2,,0.2,0.2,0.5,,,15.1,22.4,15.3,,,37.4,,,,11.9,8.4,15.5,,,,,,,,,,,,,,,27.9
Djibouti,19.9894,30.0,,3.5,2.5,2.5,3.0,3.5,3.0,3.0,3.0,3.0,3.5,3.0,2.5,2.5,2.7,2.5,2.5,3.0,3.16667,4.0,2.5,47.0,,,,,,,,307735.012959618,317670.501305809,1787.4775000326804,7.84808049086774,,,,1.05411005020142,,,,,,0.6980125000686128,140.0,,,,,,,,229.0,,74.10979283325129,6.75531389782818,29.5191845428915,6.947244333615309,,19.5,18.1,21.0,,,,2.3,1.8,2.9,,228.307,275.191,54.5,49.6,59.2,33.9,65.7,60.1,71.1,0.0,40.0,1169.0,50.0,733.0,,,1408.0,455169.0,49.8000892805155,458824.0,50.1999107194845,913993.0,,,,,,,,,,31.7,37.4,32.0,,,12.7,,,,6.4,4.1,8.6,,,,,,,,,,,,,,,57.8
Dominica,,,,4.5,4.0,3.0,3.66667,4.0,3.0,3.5,4.0,3.0,4.0,3.4,3.5,4.0,3.8,3.5,3.5,3.0,3.83333,4.0,4.0,,,,,,,,6924.48811325311,16747.4727260802,20513.9262042904,7597.750446033459,-2.6846649784668704,10215.3044186967,10909.7807277146,14.9882097244263,19.2193603515625,,,,,,,,,,,,,,,,,9.59182280116106,26.6771441755866,4.901637117342339,14.3068687633057,,,,,,,,,,,,,,28.8,26.5,31.0,25.1,31.2,28.6,33.6,0.0,5.0,31.0,,28.0,,,34.0,,,,,71183.0,,,,,,,,,,23.7,28.9,23.9,,,21.9,,,,,,,,,,,,,,,,,,,,,
Dominican Republic,97.2322,95.0,,,,,,,,,,,,,,,,,,,,,,16.8,,,,,,,6720.24393838456,204930.886217038,301473.223160028,6691.71691989488,5.820572985959151,13717.3584553551,14649.9180814895,14.159770011901903,13.387969970703098,,,,,,0.2478182000889669,400.0,92.3210601806641,91.6507110595703,91.9912109375,1.00829005241394,98.0309600830078,97.2253875732422,97.6140594482422,92.0,,8.14189590303281,16.1369996413623,17.5445963553046,16.7411545330509,,19.1,16.5,21.7,,,,0.4,0.4,0.4,,119.214,204.02,26.2,23.6,28.7,21.2,31.6,28.5,34.5,1.0,660.0,5644.0,200.0,4576.0,,,6814.0,5158513.0,50.1718922316679,5123167.0,49.8281077683321,10281680.0,0.5,1.9,6.9,,1.8,6.4,21.7,32.3,,29.1,32.4,29.3,,,20.8,,,,9.7,3.1,16.2,,,,,,,,,,,,,,,49.6
Ecuador,75.2802,81.0,,,,,,,,,,,,,,,,,,,,,,14.7,,,,,,,5330.53915447542,4328.558501654939,6124.49164262072,6124.49164262072,-1.5075851232000903,10704.2732626449,11431.9915842402,9.39231014251709,5.05808019638062,52.4559097290039,,,,,0.17197406815503,580.0,93.25662231445308,95.7262191772461,94.45565795898442,0.995720028877258,98.9122924804688,99.3371734619141,99.1261978149414,64.0,,16.0937275660658,14.1516983198232,20.4211222280068,20.0733239551049,,13.4,12.4,14.4,,,,0.6,0.4,0.9,,86.029,161.783,13.0,11.4,14.6,7.9,15.1,13.3,16.8,0.0,975.0,4285.0,210.0,2604.0,,,4977.0,8107133.0,50.006928117360104,8104887.0,49.993071882639896,16212020.0,1.2,3.3,8.8,8.5,3.4,9.4,24.7,23.3,,18.0,26.2,18.4,,,41.6,,,,9.6,4.9,14.3,,,,,,,,,,,,,,,30.9
"Egypt, Arab Rep.",51.8828,10.0,750.0,,,,,,,,,,,,,,,,,,,,,10.5,,,,,,,2703.7420921544,34529.4487792824,26436.9608942082,3598.9709482021003,2.09372219483126,10242.534355286,10938.8618617897,,,,,,,,0.12298936949235,810.0,,,,,,,,33.0,,25.02046818697,16.5528576894424,38.57776990658721,2.9992488228539904,,28.2,24.3,32.0,,,,0.2,0.2,0.3,,111.018,188.04,20.1,18.7,21.4,12.5,23.7,22.3,25.1,0.0,9226.0,50924.0,820.0,31796.0,,,59728.0,45708823.0,49.4456556715285,46733724.0,50.5543443284715,92442547.0,0.2,3.0,18.5,,1.3,16.1,61.9,27.8,,28.9,22.9,28.5,,,,,,,3.8,1.5,6.0,,,,,,,,,,,,,,,29.8
El Salvador,71.0814,40.0,,,,,,,,,,,,,,,,,,,,,,10.9,,,,,,,3314.6992214788,3657.5694010109496,3705.57794598177,3705.57794598177,1.9094355103082,6978.83560585911,7453.28411900657,13.5626401901245,13.0693702697754,10.9552602767944,,,,,0.111753120017658,890.0,86.21710205078129,90.0099411010742,87.9698486328125,1.00996994972229,98.4337387084961,97.4619674682617,97.949333190918,54.0,,1.36263416767421,43.26254120413,10.7426999219225,32.247992466198504,,14.1,13.2,15.3,,,,0.2,0.1,0.4,,103.002,261.317,13.4,11.9,14.8,7.6,15.5,13.8,17.1,1.0,513.0,1577.0,57.0,895.0,,,1835.0,3349204.0,52.9507979353278,2975920.0,47.0492020646722,6325124.0,0.4,2.4,10.0,,1.9,9.9,31.8,34.9,,21.1,28.1,21.4,,,32.1,,,,14.0,4.6,24.5,,,,,,,,,,,,,,,34.9
Equatorial Guinea,160.0836,45.0,,,,,,,,,,,,,,,,,,,,,,53.2,,,,,,,14080.0765773426,5710981.30361263,6670916.88288572,11278.928941330902,-12.7105829873211,27708.638181831,29592.379672413197,,,,,,,,1.6423361113848305,61.0,,,,,,,,342.0,,31.028310060907607,8.28646691978127,24.7586729066147,7.68947079258682,,22.0,21.3,22.7,,,,2.0,1.6,2.4,,308.714,348.8930000000001,69.4,62.9,75.6,32.0,96.0,89.2,102.4,0.0,511.0,2761.0,100.0,1304.0,,,3758.0,523922.0,44.8345216015246,644646.0,55.1654783984754,1168568.0,,,,,,,,,,42.6,52.4,43.5,,,24.0,,,,16.5,7.6,23.8,,,,,,,,,,,,,,,50.6
Eritrea,55.3706,49.0,,3.5,1.5,1.0,1.33333,3.5,2.5,1.0,1.5,3.0,1.5,2.6,2.0,2.5,2.5,2.0,2.5,2.0,1.33333,1.5,2.0,43.8,,,,,,,,,,,,,,,,,,,,,2.3295963519259,43.0,,,,,,,,501.0,,94.57508271058,0.113466912905658,37.96613157567979,10.0910631852926,,24.2,22.9,25.6,,,,4.4,2.9,5.9,,218.953,292.6090000000001,33.9,29.6,37.9,18.6,46.1,41.0,50.9,1.0,1771.0,5375.0,880.0,2966.0,,,7315.0,,,,,,,,,,,,,,,37.3,40.6,37.6,,,22.0,,,,8.1,3.7,12.5,,,,,,,,,,,,,,,64.6
Estonia,14.0274,,,,,,,,,,,,,,,,,,,,,,,2.8,,,,,,,17773.0055158794,13419.4180964523,15700.0903902746,17412.4486731613,1.8335102634128504,27610.2419529994,29212.948872562796,17.9109497070313,18.1078701019287,33.6071586608887,,,,,0.0158012739204395,6300.0,,,,,,,,9.0,,13.6215113366205,,14.0515592322053,,,16.9,10.4,24.9,,,,0.5,0.2,0.8,,62.825,169.877,2.5,2.2,2.7,1.4,3.1,2.8,3.4,1.0,18.0,35.0,1.0,20.0,,,44.0,700182.0,53.2293036728426,615225.0,46.7706963271574,1315407.0,0.4,0.5,0.9,,0.5,1.0,2.0,,,24.8,25.1,24.9,,,23.8,,,,15.8,5.3,27.6,,,,,,,,,,,,,,,30.1
Eswatini,80.0864,95.0,,,,,,,,,,,,,,,,,,,,,,54.7,,,,,,,4687.90523831464,36154.1625152621,46460.3679744648,3641.40858337825,-0.4293358634146221,9269.14234458529,9899.29485883111,,,,,,,,1.3109104985179298,76.0,,,,,,,,389.0,,3.27034801649294,92.5906724559025,8.16316913662555,85.29714636745491,,26.6,24.4,29.8,,,,3.4,3.4,3.3,,362.131,507.511,42.5,38.0,46.8,18.2,57.8,52.9,62.5,0.0,392.0,1626.0,150.0,702.0,,,2202.0,569078.0,51.5448660893667,534966.0,48.4551339106332,1104044.0,,,,,,,,,,26.5,30.1,26.8,,,6.2,,,,13.1,7.2,19.3,,,,,,,,,,,,,,,62.4
Ethiopia,67.2518,70.0,49.0,4.5,3.5,4.0,3.5,4.0,4.0,3.0,3.0,3.0,3.5,3.8,4.0,3.0,3.5,4.0,3.5,3.5,3.16667,3.0,3.0,51.0,,,37.9,35.9,57.6,,482.639066335501,14210.5063498596,12872.0736310832,639.304359734944,7.391451495166709,1518.47487145011,1621.7067264040302,7.8184499740600595,16.640069961547898,,,,,,1.55595120961611,64.0,,,,,,,,353.0,,18.7941216302111,28.0502875044841,49.9293268307606,1.42721742103808,,18.4,18.1,18.8,,,,3.0,2.3,3.7,,198.692,250.154,44.2,38.0,50.1,30.8,64.2,57.4,70.5,0.0,41655.0,141119.0,11000.0,99519.0,,,203121.0,50494089.0,50.07572765367372,50341369.0,49.92427234632628,100835458.0,7.9,23.1,45.4,,27.3,62.2,85.0,23.5,,22.5,24.3,22.7,,,38.8,,,,7.2,3.2,11.2,,24.4,,,,,,,,,,,,,63.8
Faroe Islands,,,,,,,,,,,,,,,,,,,,,,,,,,,,,,,,,352573.307527419,52404.6593331379,,,,,,,,,,,,,,,,,,,,,,37.8719238469723,,29.8468574849564,,,,,,,,,,,,,,,,,,,,,,,,,,,,,,,,,,48051.0,,,,,,,,,,,,,,,,,,,,,,,,,,,,,,,,,,,,
Fiji,43.5248,,,,,,,,,,,,,,,,,,,,,,,10.3,,,,,,,4359.220149398278,11045.667725399098,11307.62725303,5390.74525792812,4.40185521826095,8775.92092543117,9372.542320420707,,,,,,,,0.0812783799723697,1200.0,,,,,,,,30.0,,2.85779680607311,34.9740555676415,3.48053039564069,21.469103632088,,30.8,24.2,37.0,,,,0.5,0.2,0.7,,137.366,234.35,20.8,19.0,22.6,10.1,24.6,22.5,26.7,0.0,86.0,368.0,5.0,178.0,,,437.0,426957.0,49.15305152531429,441670.0,50.84694847468571,868627.0,,,,,,,,,,29.9,38.8,30.4,,,16.0,,,,5.0,2.4,7.5,,,,,,,,,,,,,,,
Finland,7.0306,,,,,,,,,,,,,,,,,,,,,,,1.2,,,85.4748603351955,81.56424581005591,,,45316.3542706583,34215.8845346436,38315.6879667256,42494.6566238083,0.170173611022221,39083.9347589518,42220.9576671019,22.031869888305696,25.846700668335,34.5501899719238,,,,,0.0046083469513056,21700.0,,,,,,,,3.0,,20.904298204729397,,19.448585593165895,,,10.5,7.2,13.8,,,,0.2,0.2,0.3,,43.26,93.675,2.0,1.8,2.2,1.7,2.4,2.2,2.7,1.0,51.0,117.0,2.0,104.0,,,143.0,2782890.0,50.78701663344261,2696641.0,49.212983366557395,5479531.0,0.0,0.0,0.1,,0.0,0.0,0.2,,,14.8,21.6,15.0,,,41.5,,,,14.4,7.2,21.8,,,,,,,,,,,,,,,
France,8.9614,,3.0,,,,,,,,,,,,,,,,,,,,,6.0,,,,,,,41765.2440265444,31534.63667086601,33012.7778794062,36613.3752159613,0.6919218675813571,37835.8070767413,40833.2420664584,17.5395793914795,26.4537200927734,32.9669609069824,,,,,0.0165042242125008,6100.0,,,,,,,,8.0,,20.4144255894896,,17.7450033759996,,,10.8,7.3,14.3,,,,0.5,0.6,0.4,,49.37600000000001,101.499,3.5,3.1,3.8,2.4,4.2,3.8,4.6,0.0,666.0,2670.0,66.0,1856.0,,,3208.0,33870948.0,50.8623451043847,32722418.0,49.1376548956153,66593366.0,0.0,0.1,0.2,,0.0,0.2,0.2,,,16.7,24.7,17.0,,,26.2,,,,18.0,11.8,24.4,,,,,,,,,,,,,,,31.9
French Polynesia,36.269,,,,,,,,,,,,,,,,,,,,,,,,,,,,,,,,,,,,,,,,,,,,,,,,,,,,,,,3.6587203235421,,20.6096501623598,,,,,,,,,,,,,75.73,129.558,,,,,,,,,,,,,,,,133875.0,49.0161549375914,139249.0,50.9838450624086,273124.0,,,,,,,,,,,,,,,,,,,,,,,,,,,,,,,,,,,,
Gabon,101.667,60.0,,,,,,,,,,,,,,,,,,,,,,49.9,,,,,,,9512.00905238808,2745337.01073992,4365930.4235385,7381.74674851952,0.471570201998503,16685.2323042237,17819.559591086898,,,,,,,,1.17395668672509,85.0,,,,,,,,291.0,,18.980529339797897,3.90263609825265,30.4653908034873,8.553549913448121,,14.8,14.3,15.3,,,,1.0,0.8,1.1,,219.393,257.632,37.4,32.9,41.6,22.5,52.5,47.5,57.1,0.0,652.0,2132.0,150.0,1295.0,,,2959.0,946827.0,48.6129258545067,1000859.0,51.3870741454933,1947686.0,,,,,,,,,,58.6,60.6,58.7,,,14.2,,,,7.3,3.3,11.1,,,,,,,,,,,,,,,69.2
"Gambia, The",84.68700000000003,77.0,,4.0,3.5,2.5,2.16667,3.5,3.0,2.5,2.0,3.5,2.0,3.3,3.5,3.0,2.9,3.0,3.0,2.5,3.33333,4.0,2.0,55.2,,,,,,,506.80261788750505,24714.4119931347,28410.345085480298,668.381202871118,2.73066239323035,1481.4762001743802,1582.1927408886902,,,,,,,,4.11083562322586,24.0,,,,,,,,706.0,,17.2536247497921,79.4936486624247,38.6763965212244,20.3976804729978,,20.6,19.1,22.1,,,,2.0,1.5,2.4,,234.236,289.177,43.3,38.6,47.7,28.9,67.9,62.7,72.9,1.0,782.0,3372.0,590.0,2283.0,,,5206.0,1053301.0,50.4972228739715,1032559.0,49.5027771260285,2085860.0,2.2,10.8,30.1,,10.1,37.8,72.5,48.6,,56.7,61.9,57.3,,,9.4,,,,5.2,3.8,6.7,,,,,,,,,,,,,,,58.1
Georgia,48.201,95.0,,,,,,,,,,,,,,,,,,,,,,2.8,,,,,,,3964.510045851121,7065.946254720459,8524.36168487919,3756.38376806909,2.7186363542572005,9005.33867753628,9617.556787726371,,,,,,,,0.0677023774558366,1500.0,,,,,,,,36.0,,11.4772355200286,57.4996989724341,12.5410568311102,47.6150665615016,,24.9,16.1,34.7,,,,0.8,0.5,1.2,,78.84899999999998,226.521,10.8,9.4,12.1,7.9,12.1,10.6,13.5,1.0,123.0,602.0,19.0,435.0,,,679.0,1947315.0,52.2730384305572,1777961.0,47.7269615694428,3725276.0,0.9,4.4,15.5,,3.8,16.1,45.3,21.6,,26.7,29.3,26.8,,,11.3,,,,8.1,2.7,14.0,,,,,,,,,,,,,,,18.9
Germany,7.1462,,,,,,,,,,,,,,,,,,,,,,,4.9,,,,,,,45521.319282369695,34370.6423320708,37323.8644947579,41394.6581607948,0.862012076439967,44043.177935154905,47979.484202935186,17.5384197235107,23.0407390594482,34.014900207519496,,,,,0.0085204598966489,11700.0,,,,,,,,6.0,,19.048797955829,,20.784605076727,,,12.5,9.1,16.0,,,,0.1,0.2,0.1,,50.173,92.46,3.3,3.0,3.5,2.3,3.9,3.5,4.2,1.0,565.0,2303.0,42.0,1604.0,,,2715.0,41510094.0,50.816276424237095,40176517.0,49.183723575762905,81686611.0,0.0,0.0,0.1,,0.0,0.0,0.2,,,15.1,22.9,15.3,,,36.5,,,,13.8,7.8,19.9,,,,,,,,,,,,,,,
Ghana,68.67699999999999,43.0,,4.0,4.0,3.0,3.0,4.0,3.5,3.0,3.0,4.0,3.0,3.9,4.0,4.0,3.7,3.5,3.5,4.0,3.66667,4.0,3.5,48.4,,,34.7,28.6,44.5,,1624.76962408724,4668.14345859295,6477.7089108702685,1766.00570089157,-0.11392676964465,3786.9609676170703,4044.4133711276,,,,,,,,1.34487920620275,74.0,,,,,,,,319.0,,44.2578991210423,16.600142069133,36.3157598542918,6.6267530731990805,,20.9,23.3,18.2,,,,1.7,1.3,2.0,,224.959,264.306,38.9,34.7,42.8,26.0,54.7,49.6,59.6,0.0,8576.0,33472.0,2800.0,22650.0,,,46781.0,13992735.0,50.2446486617394,13856470.0,49.7553513382606,27849205.0,,,,,,,,,,46.0,54.8,46.7,,,10.9,,,,5.3,2.1,8.5,,29.6,,,,,,,,,,,,,65.7
Gibraltar,,,,,,,,,,,,,,,,,,,,,,,,,,,,,,,,,,,,,,,,,,,,,,,,,,,,,,,,13.8972904140113,,20.4405372078246,,,,,,,,,,,,,,,,,,,,,,,,,,,,,,,,,,33736.0,,,,,,,,,,,,,,,,,,,,,,,,,,,,,,,,,,,,
Greece,7.7494,,,,,,,,,,,,,,,,,,,,,,,9.8,,,,,,,22615.3945872492,17075.6395203608,16381.135984928402,18167.773716916203,0.220308466855428,24134.684408856207,26902.525319841006,19.6548309326172,22.582410812377898,9.2001895904541,,,,,0.0042220407122898,23700.0,,,,,,,,3.0,,36.4487242371214,,40.459926443662795,,,12.3,7.7,17.1,,,,0.2,0.1,0.3,,42.075,93.011,3.9,3.6,4.2,2.7,4.8,4.4,5.1,1.0,118.0,377.0,3.0,259.0,,,463.0,5492875.0,50.76180246702501,5328008.0,49.23819753297499,10820883.0,0.8,1.3,2.8,,1.5,2.7,6.7,,,14.7,23.3,14.9,,,19.7,,,,4.8,1.9,7.8,,,,,,,,,,,,,,,17.9
Greenland,,,,,,,,,,,,,,,,,,,,,,,,,,,,,,,45335.6130300796,254972.021242471,299636.454360766,44536.4013080999,-2.2150997639801098,,,,,,,,,,,,,,,,,,,,,1.99206531772746,,3.96466669963116,,,,,,,,,,,,,,,,,,,,,,,,,,,,,,,,,,56114.0,,,,,,,,,,,,,,,,,,,,,,,,,,,,,,,,,,,,
Grenada,31.6494,,,4.5,4.0,2.5,3.0,3.5,3.5,3.5,3.0,3.5,3.5,3.8,4.0,3.5,3.5,3.0,3.5,3.5,3.83333,4.0,4.0,13.0,,,,,,,8194.2381676678,19955.7386472504,24561.5507440761,9096.87064595412,5.76621354977149,12435.5641894715,13280.9824330093,,,,,,,,0.0664674175903627,1500.0,,,,,,,,27.0,,6.21538667817043,24.9419601809351,15.6951801425143,15.204195906633403,,21.7,17.9,25.5,,,,0.3,0.3,0.4,,97.554,185.046,14.8,13.5,16.1,10.5,16.3,14.9,17.6,1.0,5.0,30.0,1.0,21.0,,,33.0,54625.0,49.84039615453021,54974.0,50.15960384546979,109599.0,,,,,,,,,,22.8,27.2,23.0,,,33.3,,,,1.1,1.1,1.0,,,,,,,,,,,,,,,
Guam,34.325,,,,,,,,,,,,,,,,,,,,,,,,,,,,,,32182.8929142559,32090.8478681273,35278.9259389693,35278.9259389693,0.0414319522628688,,,,,,,,,,,,,,,,,,,,,43.55905227233911,,5.1111103846184,,,,,,,,,,,,,46.87600000000001,77.138,,,,,,,,,,,,,,,,79831.0,49.3232302006205,82022.0,50.6767697993795,161853.0,,,,,,,,,,,,,,,,,,,,,,,,,,,,,,,,,,,,
Guatemala,73.9864,16.0,,,,,,,,,,,,,,,,,,,,,,24.8,,,60.6,48.9,65.6,,3069.04133462968,14809.2691867782,30034.16923095,3923.5733436471296,2.03073228914089,7292.710948303821,7788.497933647321,10.0650100708008,5.06996011734009,18.059490203857397,,,,,0.306323593648507,330.0,,,,,,,,88.0,140.0,7.027673569935089,38.7042873581642,14.3407300940853,27.776899969716705,,14.9,14.9,14.9,,,,1.2,0.8,1.5,,113.667,213.958,24.7,21.8,27.3,13.8,29.6,26.4,32.5,0.0,1556.0,10215.0,380.0,5744.0,,,12211.0,8257427.0,50.8073410583344,7995002.0,49.1926589416656,16252429.0,,,,,,,,,91.3,15.8,24.7,16.4,,,13.9,8.5,,,3.1,1.9,4.3,20.7,13.9,,,64.8,63.1,11.0,3.3,4.2,3.6,7.6,2.4,6.2,29.5,36.9
Guinea,139.5256,28.0,,3.5,3.0,3.0,3.33333,3.0,3.0,2.5,3.5,3.0,3.5,3.2,3.5,2.5,2.8,3.0,3.0,3.0,3.0,3.5,2.5,57.9,,,,,,,750.4030763638541,4296861.34326468,5758278.73747377,769.2560137463548,1.26217699476395,1859.74172387616,1986.1742329025303,,,,,,,,3.4621126580278503,29.0,,,,,,,,679.0,,20.1790171571842,22.825238206651893,37.8455340302623,8.21091923222372,,22.6,23.2,22.0,,,,3.1,2.2,3.9,,249.967,275.775,59.8,54.1,65.2,25.0,91.7,86.2,96.9,0.0,7930.0,25987.0,3100.0,11048.0,,,39504.0,5703181.0,49.887483258948,5728907.0,50.112516741052,11432088.0,,,,,,,,,,49.4,61.7,50.6,,,21.9,,,,6.4,5.2,7.6,,,,,,,,,,,,,,,60.2
Guinea-Bissau,89.9284,71.0,,2.5,2.5,2.5,2.5,2.5,2.0,2.5,2.5,2.0,2.5,2.2,2.5,2.0,2.2,2.0,2.5,2.0,3.0,4.0,2.0,64.2,,,,,,,574.491700576592,246919.616371614,356737.80090052896,603.1585129424041,3.39929449701764,1474.2367869793802,1574.46116409787,,,,,,,,2.6220194511627297,38.0,,,,,,,,549.0,,81.6959465579443,15.5034045549137,25.306895636374396,16.533491289257,,19.8,19.7,20.0,,,,2.2,1.5,2.9,,244.5,296.077,59.3,53.1,65.2,39.0,90.7,83.9,97.3,0.0,878.0,3838.0,370.0,2566.0,,,5815.0,883251.0,50.843307759041394,853951.0,49.156692240958606,1737202.0,,,,,,,,,,42.9,50.7,43.7,,,13.7,,,,3.9,3.3,4.6,,,,,,,,,,,,,,,60.2
Guyana,87.5268,86.0,,4.0,3.0,4.0,3.66667,3.5,3.0,3.5,3.5,3.5,3.5,3.2,2.5,3.0,3.1,3.5,2.5,3.0,3.33333,3.5,3.0,20.2,,,,,,,3690.1189473967,557781.01512577,860306.8415182059,4166.13482575402,2.6177157801571,7086.91276734193,7568.70878822088,,,,,,,,0.586945692737344,170.0,,,,,,,,229.0,,5.861420920745339,16.6785502212182,7.88166699383458,8.78918408687636,,30.6,28.9,32.3,,,,0.7,0.7,0.7,,170.683,248.061,27.5,23.8,31.0,20.1,33.3,29.0,37.4,0.0,78.0,436.0,34.0,321.0,,,527.0,380927.0,49.6365713571906,386505.0,50.3634286428094,767432.0,,,,,,,,,,32.3,29.0,32.2,,,30.4,,,,29.1,14.5,43.4,,,,,,,,,,,,,,,46.8
Haiti,38.976,74.0,,3.0,2.0,3.0,3.5,2.5,3.0,3.0,3.5,3.0,4.0,2.7,2.5,2.0,2.4,2.5,2.5,2.0,3.0,4.0,2.5,31.3,,,,,,,729.1196297702029,1425.15985632145,39609.3998789402,815.728284410317,-0.175422965908695,1653.62433889509,1766.0441827204004,,,,,,,,1.10619463243244,90.0,,,,,,,,359.0,,2.08379910858622,7.13070950837371,30.492974305123894,15.0905947031519,,26.7,25.1,28.5,,,,2.7,2.3,3.1,,212.628,274.619,56.1,50.5,61.5,29.0,75.0,68.9,81.0,1.0,3490.0,14622.0,950.0,7629.0,,,19624.0,5405795.0,50.5425087743327,5289747.0,49.4574912256673,10695542.0,,,,,,,,,,45.7,50.3,46.0,,,4.2,,,,11.7,6.5,17.0,,,,,,,,,,,,,,,55.1
Honduras,73.5778,48.0,,4.0,3.0,3.5,3.5,3.5,4.5,3.5,3.5,3.5,3.5,3.7,3.5,2.5,3.1,3.5,3.0,3.0,3.66667,4.5,3.0,14.6,,,,,,,2052.97245412901,20860.1066881336,50522.2697103759,2286.20003874608,2.04736639148943,4247.381749231629,4536.13535649536,,,40.2533683776855,,,,,0.3369169001031469,300.0,87.8936996459961,87.9220809936523,87.90682983398442,1.02111995220184,96.9996109008789,94.9932479858398,96.0075073242188,129.0,,2.07461831814069,31.1040274058395,18.9849049648899,29.893762722852607,,14.0,12.2,16.0,,,,0.4,0.2,0.6,,120.104,172.935,16.7,14.8,18.6,10.8,19.6,17.4,21.7,0.0,1008.0,3300.0,220.0,2132.0,,,3863.0,4569901.0,50.14751435219728,4543015.0,49.85248564780272,9112916.0,5.6,13.3,26.1,,16.2,32.2,53.8,,,16.9,20.9,17.1,,,25.8,,,,2.8,1.5,4.2,,,,,,,,,,,,,,,38.0
"Hong Kong SAR, China",2.8314,,,,,,,,,,,,,,,,,,,,,,,,,,,,,,36260.5696163202,334311.57681072,328923.511582297,42431.8882817277,1.5199838600480602,53591.802760918894,57235.1829138288,14.8510704040527,20.3015995025635,23.317689895629893,,,,,,,,,,,,,,,,67.7931074723996,,57.796414224661795,,,,,,,,,,,,,36.065,68.02,,,,,,,,1.0,,,,,,,,3921179.0,53.77887783313021,3370121.0,46.22112216686979,7291300.0,,,,,,,,,,,,,,,,,,,,,,,,,,,,,,,,,,,,
Hungary,19.9328,,,,,,,,,,,,,,,,,,,,,,,2.0,,,,,,,14653.6201059971,3047134.82159149,3492684.77139352,12503.6820684794,3.78298515389179,25077.230631989903,26356.3137368806,18.7017192840576,21.207660675048803,21.279850006103494,,,,,0.0228129148630104,4400.0,,,,,,,,17.0,,18.380644171291102,,20.002171962477103,,,23.3,16.5,31.0,,,,0.3,0.2,0.4,,85.926,177.627,4.3,4.0,4.6,2.7,5.1,4.7,5.5,1.0,104.0,381.0,15.0,241.0,,,456.0,5164605.0,52.4696732170705,4678423.0,47.5303267829295,9843028.0,0.3,0.5,1.1,,0.5,1.0,2.7,,,25.0,26.9,25.0,,,10.1,,,,20.3,10.1,31.6,,,,,,,,,,,,,,,14.4
Iceland,7.827000000000001,,,,,,,,,,,,,,,,,,,,,,,4.5,,,,,,,47405.043173123304,5794878.33774164,6916312.63787918,52428.5957626253,3.3850187577001,44222.826862679,48728.0993642438,23.340650558471697,20.8348293304443,25.3747100830078,,,,,0.0068663661933533,14600.0,,,,,,,,3.0,,8.3996133321262,,22.4836871097705,,,9.3,8.2,10.2,,,,0.2,0.1,0.3,,43.185,67.533,1.7,1.6,1.9,1.1,2.3,2.1,2.5,1.0,4.0,8.0,0.0,5.0,,,10.0,164840.0,49.8284565327326,165975.0,50.171543467267504,330815.0,,,,,,,,,,14.9,21.7,15.1,,,41.3,,,,14.0,5.7,22.3,,,,,,,,,,,,,,,
India,25.9968,47.0,495.0,,,,,,,,,,,,,,,,,,,,,27.0,,,,,,,1751.66437757278,86779.92812077451,105116.579165332,1605.60543109026,6.79703974950297,5743.426497128829,6133.88707190532,,,,,,,,0.452792530554897,220.0,,,,,,,,174.0,,28.8094709362308,6.64633010373343,44.2691137704918,0.7731786222369529,,23.5,20.0,26.8,,,,2.4,1.9,2.9,,141.252,214.641,35.3,35.5,35.2,26.1,44.1,45.5,42.8,0.0,169909.0,888116.0,45000.0,658644.0,,,1111895.0,631018730.0,48.1637654142764,679133673.0,51.8362345857236,1310152403.0,,,,,,,,,,51.3,50.2,51.2,,,12.0,,,,16.5,14.9,18.0,,,,,,,,,,,,,,,41.7
Indonesia,48.6144,8.0,,,,,,,,,,,,,,,,,,,,,,21.5,,,61.5,60.7,78.8,,3824.27488523624,34764315.765105,44609441.7201709,3331.69512758628,3.5554395662474603,10358.8285659237,11063.0622072672,13.2699003219604,10.5131597518921,,0.00744,0.0001413,0.12715,0.0039416,0.314212197628261,320.0,93.3357086181641,97.1065216064453,95.2179336547852,0.999350011348724,99.6370162963867,99.7017593383789,99.6700668334961,126.0,,17.4036998710046,24.2239504046066,8.81371095623533,35.1006960475139,,26.5,22.8,30.3,,,,0.4,0.2,0.6,,145.664,205.46400000000003,22.9,20.0,25.6,13.3,27.2,24.0,30.3,1.0,25392.0,114105.0,6400.0,66299.0,181000.0,1694000.0,136090.0,128232899.0,49.628950977679104,130150357.0,50.371049022320896,258383256.0,1.2,9.0,27.0,,7.2,33.1,67.0,11.2,,27.3,40.5,27.9,0.0700707,0.6560706999999999,17.1,,,,3.4,2.0,4.8,,14.4,,,,,,,,,,,,,35.2
"Iran, Islamic Rep.",26.4394,54.0,,,,,,,,,,,,,,,,,,,,,,8.2,,,,,,,6073.45370087772,77702468.2806569,145417822.044012,4916.08593793143,-2.61109931279073,16683.4316065827,17817.6364749842,7.645309925079348,14.5478296279907,,,,,,0.0499417079913502,2000.0,,,,,,,,25.0,,76.53374194576341,0.900611045825,30.9812507699895,0.301906227091065,,15.1,13.9,16.2,,,,1.2,0.8,1.6,,62.01300000000001,101.71,13.8,13.0,14.5,9.8,16.0,15.3,16.7,0.0,3516.0,18790.0,340.0,13275.0,,,21895.0,38987460.0,49.670479613458006,39504755.0,50.329520386541994,78492215.0,0.0,0.5,2.9,,0.3,2.4,11.0,,,29.3,33.2,29.5,,,3.1,,,,4.0,3.0,5.0,,,,,,,,,,,,,,,25.0
Iraq,79.462,,10138.0,,,,,,,,,,,,,,,,,,,,,17.0,,,,,,,5298.10391212163,5075124.87926758,5824763.28957555,4989.80307473071,-0.864992152213489,14964.0036540694,15981.315091875,,,,,,,,0.2405647544763769,420.0,,,,,,,,50.0,,46.0020249984655,2.13461990651043,62.3422443941302,4.5631454772892805,,21.6,18.6,24.9,,,,0.5,0.4,0.6,,129.796,196.039,26.7,24.1,29.2,18.2,32.3,29.1,35.2,0.0,5298.0,31956.0,620.0,22029.0,,,38241.0,17571674.0,49.39712562282561,18000587.0,50.602874377174395,35572261.0,,,,,,,,,,28.3,33.3,28.7,,,26.5,,,,3.1,2.6,3.5,,,,,,,,,,,,,,,
Ireland,10.6084,,,,,,,,,,,,,,,,,,,,,,,5.2,,,,,,,67719.1599244947,51131.0098539821,55820.619393159104,61908.7945308607,23.9406537028307,60494.0477446508,68959.5517470824,11.866800308227502,16.4673805236816,18.4307498931885,,,,,0.0163693376739088,6100.0,,,,,,,,8.0,,7.69188817788298,,9.19286724535148,,,10.5,8.7,12.2,,,,0.2,0.1,0.3,,,,3.1,2.8,3.4,2.3,3.7,3.4,4.1,1.0,53.0,215.0,5.0,158.0,,,260.0,2369916.0,50.402756702611896,2332041.0,49.597243297388104,4701957.0,0.2,0.3,0.4,,0.2,0.5,0.7,,,13.6,21.0,13.9,,,16.3,,,,11.5,4.5,18.5,,,,,,,,,,,,,,,34.8
Isle of Man,,,,,,,,,,,,,,,,,,,,,,,,,,,,,,,81412.8744656074,54618.17749327031,53411.310281855986,81606.2800333934,-0.5975827186005489,,,,,,,,,,,,,,,,,,,,,,,,,,,,,,,,,,,,,,,,,,,,,,,,,,,,,,,,,83234.0,,,,,,,,,,,,,,,,,,,,,,,,,,,,,,,,,,,,
Israel,10.1468,,,,,,,,,,,,,,,,,,,,,,,10.0,,,,,,,33179.943455464396,124058.979081395,139363.47821625,35855.275043844704,0.5551956346633349,32104.4191193521,35514.5449573587,21.4409103393555,18.7268505096436,19.3395099639893,,,,,0.0161864734690459,6200.0,,,,,,,,5.0,,22.983308626122604,,21.8325385011136,,,9.7,7.6,12.0,,,,0.2,0.1,0.2,,39.687,72.987,3.0,2.8,3.2,2.1,3.8,3.5,4.1,0.0,141.0,502.0,9.0,349.0,,,632.0,4224040.0,50.40560209529259,4156060.0,49.59439790470741,8380100.0,,,,,,,,,,14.3,23.4,14.8,,,26.7,,,,5.0,2.4,7.6,,,,,,,,,,,,,,,
Italy,6.2124,,,,,,,,,,,,,,,,,,,,,,,4.7,,,,,,,33959.2937236277,25640.7932991652,27203.516673033,30170.5166036556,1.02130601485391,34292.5348236811,36836.4263441635,21.7273502349854,22.897439956665,25.2581996917725,,,,,0.0050653224622997,19700.0,,,,,,,,4.0,,21.038414427699607,,31.068554476673004,,,9.8,7.3,12.4,,,,0.3,0.3,0.2,,,,3.0,2.7,3.2,2.1,3.5,3.2,3.8,1.0,424.0,1487.0,18.0,1044.0,,,1764.0,31172015.0,51.328364788697606,29558567.0,48.671635211302394,60730582.0,1.4,1.7,2.3,,2.0,2.5,3.5,,,16.1,24.2,16.3,,,31.0,,,,8.0,4.5,11.8,,,,,,,,,,,,,,,29.2
Jamaica,55.9558,95.0,,,,,,,,,,,,,,,,,,,,,,11.0,,,,,,,4713.64710197445,295702.452524558,573985.79948053,4892.8974467695,0.350414362057293,8047.090058249,8594.162683099821,21.6403694152832,28.3431797027588,35.8408317565918,,,,,0.193707566750657,520.0,,,,,,,,89.0,,12.5650737701744,4.0741339090474,11.6389293766643,19.0014070222828,,14.8,13.5,16.1,,,,0.2,0.2,0.2,,100.029,164.46200000000005,13.9,12.2,15.6,11.5,16.2,14.2,18.1,0.0,132.0,672.0,43.0,555.0,,,784.0,1452473.0,50.24083149803701,1438548.0,49.75916850196299,2891021.0,,,,,,,,,,21.9,26.7,22.0,,,12.7,,,,2.1,1.0,3.3,,,,,,,,,,,,,,,
Japan,4.2384,,,,,,,,,,,,,,,,,,,,,,,12.8,,,39.8,34.4,,,47102.5808781328,4134658.66165989,4178980.81657373,34524.4698609337,1.33040088109111,37834.053405521,40396.2432092141,,,,,,,,0.0074845883998273,13400.0,,,,,,,,5.0,,37.6180852881157,,47.6261654679856,,,8.6,5.8,11.5,,,,0.4,0.3,0.6,,37.102,69.979,2.1,2.0,2.2,0.9,3.0,2.8,3.2,0.0,930.0,2182.0,56.0,965.0,,,3215.0,65022509.0,51.1420464686377,62118491.0,48.8579535313623,127141000.0,,,,,,,,,,20.3,34.1,20.7,,,9.5,,,,19.4,11.8,27.4,,,,,,,,,,,,,,,10.1
Jordan,24.131,,1.0,,,,,,,,,,,,,,,,,,,,,11.1,,,,,,,3275.27219379511,2944.22943702468,2905.06470837391,4097.4114363524895,-1.43726832736286,8407.67967196157,8979.26658769761,,,,,,,,0.203553824435187,490.0,,,,,,,,58.0,,20.3634961986623,20.155811614681895,31.5551987850337,4.8619079600801705,,19.4,15.8,23.0,,,,0.6,0.8,0.5,,92.476,127.408,15.5,14.6,16.3,10.8,18.1,17.1,19.0,0.0,929.0,3730.0,110.0,2628.0,,,4312.0,4571245.0,49.33046790548671,4695330.0,50.66953209451329,9266575.0,,,,,,,,,,33.3,36.2,33.5,,,12.0,,,,2.9,2.2,3.6,,,,,,,,,,,,,,,
Kazakhstan,29.3336,95.0,,,,,,,,,,,,,,,,,,,,,,5.0,,,55.7,53.6,,,10617.4746550169,736126.395953338,2330535.58250601,10510.7718884148,-0.268267117585893,23524.0604446748,25123.3179901306,,19.1568202972412,11.3354301452637,,,,,0.0336977912675616,3000.0,,,,,,,,12.0,,14.9434225368086,23.200354761159502,20.684398607886397,45.699728553676,,28.6,19.8,38.9,,,,2.6,1.5,3.7,,119.634,297.51,10.7,9.4,11.9,5.6,12.0,10.6,13.3,0.0,840.0,4121.0,45.0,2161.0,,,4620.0,9047892.0,51.576082669845704,8494914.0,48.423917330154296,17542806.0,0.0,0.1,1.2,0.3,0.0,0.4,8.1,2.7,99.3,30.2,30.1,30.2,,,26.2,,,4.4,24.9,8.4,42.5,,9.8,,1.3,,,,,,,,,0.2,7.0,28.9
Kenya,83.0942,86.0,48.0,4.0,3.5,4.5,4.33333,4.0,4.0,4.0,4.0,3.5,4.5,3.7,3.5,3.0,3.4,3.5,3.5,3.5,3.83333,4.0,3.0,65.2,,,66.3,62.6,76.2,,1093.13417027403,84837.9829042054,131253.201884657,1336.8833490495,3.11662198316486,2797.86358364244,2988.07328225379,10.7925901412964,,75.3172836303711,,,,,2.353192765234,42.0,,,,,,,,510.0,,23.0101160922698,34.7113991513585,50.7154167708872,7.23168811352216,,13.3,12.9,13.8,,,,1.8,1.1,2.5,,183.125,264.091,35.1,31.5,38.5,21.8,48.7,44.5,52.7,1.0,13766.0,52151.0,8000.0,32697.0,,,72168.0,24082197.0,50.29873338636179,23796139.0,49.70126661363821,47878336.0,11.6,28.4,49.2,,36.8,66.2,86.5,36.1,93.7,25.7,38.6,26.8,,,19.7,,,,3.1,1.2,5.0,19.2,15.9,,,,,,,,,,,,,61.8
Kiribati,18.1598,,,3.0,2.5,2.0,2.6666666666666696,3.5,3.5,2.5,3.0,2.5,3.0,3.1,3.0,3.5,3.2,2.5,3.0,3.5,2.8333333333333304,3.5,3.5,29.5,,,,,,,1710.65641002456,1600.4056612278,2053.321914721,1542.5752495838,8.873685914497061,1975.79500821365,2110.11727296855,,,,,,,,0.3367639903645579,300.0,,,,,,,,90.0,,1.5100060012075098,60.030927979754,0.95615915359679,39.9579062667416,,28.5,23.1,34.5,,,,2.6,2.1,3.1,,156.933,239.965,44.8,40.3,49.2,23.8,57.8,52.8,62.6,0.0,23.0,142.0,3.0,77.0,,,183.0,56248.0,50.7054532514901,54682.0,49.2945467485099,110930.0,,,,,,,,,,24.4,35.6,25.2,,,8.7,,,,14.5,5.0,24.2,,,,,,,,,,,,,,,
"Korea, Dem. Peoples Rep.",0.2928,,,,,,,,,,,,,,,,,,,,,,,9.6,,,,,,,,,,,,,,,,,,,,,0.152171013811438,660.0,,,,,,,,82.0,,15.739730835902,81.3113776697874,9.06298007886239,88.05519511024009,,25.8,17.9,34.6,,,,1.9,1.8,2.1,,100.544,168.812,16.0,13.9,17.4,11.1,21.0,19.0,23.6,,1500.0,5583.0,300.0,3894.0,,,7327.0,12868257.0,51.0972940965261,12315576.0,48.9027059034739,25183833.0,,,,,,,,,,31.5,37.3,31.7,,,16.3,,,,11.4,8.7,14.3,,,,,,,,,,,,,,,
"Korea, Rep.",1.6922,,,,,,,,,,,,,,,,,,,,,,,9.7,,,79.6,,,,24870.770896438706,28752128.2733078,30660110.2614102,27105.076226264,2.24966152182131,34177.6544703221,35760.734442377005,30.379579544067397,28.5370407104492,15.2674102783203,,,,,0.0138101058747008,7200.0,,,,,,,,11.0,,50.502185997908,,39.3833788482906,,,8.3,5.1,11.6,,,,0.5,0.3,0.8,,37.94300000000001,88.887,3.0,2.8,3.2,1.6,3.5,3.2,3.8,0.0,423.0,1342.0,50.0,729.0,,,1570.0,25479412.0,49.94499310565761,25535535.0,50.05500689434239,51014947.0,,,,,,,,,,21.3,25.4,21.4,,,16.3,,,,28.3,16.5,39.9,,,,,,,,,,,,,,,
Kosovo,,,,3.5,3.5,4.5,3.66667,3.5,3.0,3.5,3.0,3.5,3.5,3.3,3.0,3.0,3.3,4.0,3.0,3.5,3.83333,4.5,3.0,,,,,,,,3802.3939154914297,2703.4632034632,3223.16572316572,3574.54333277778,5.24990413653734,9161.98520592269,9784.852759183192,,,,,,,,,,,,,,,,,,,8.507684635530161,62.393884409614,17.907438805978,37.48746659489321,,,,,,,,,,,,,,,,,,,,,1.0,,,,,,,,,,,,1801800.0,0.1,0.7,4.7,,0.4,2.9,21.4,17.6,,,,,,,,,,,,,,,,,,,,,,,,,,,,
Kuwait,9.7994,,,,,,,,,,,,,,,,,,,,,,,14.7,,,,,,,35969.3493105175,10308.8155123943,8987.74139369917,29869.5293908248,-3.2005756056822,70265.2366315181,75042.1419676728,,,,,,,,0.0096963839114118,10300.0,94.4700469970703,96.3922500610352,95.6854476928711,1.0025199651718102,99.40084838867192,99.1506805419922,99.2590866088867,4.0,,41.6894421227903,,36.166372027705,,,17.6,14.9,19.3,,,,0.2,0.2,0.2,,57.472,93.356,7.5,6.9,8.0,4.6,8.8,8.1,9.4,0.0,94.0,482.0,3.0,299.0,,,560.0,1632171.0,42.553308257457,2203420.0,57.446691742543,3835591.0,,,,,,,,,,22.5,30.5,22.8,,,1.5,,,,2.3,1.8,2.8,,,,,,,,,,,,,,,28.4
Kyrgyz Republic,39.508,57.0,,4.0,4.0,4.0,3.83333,3.5,4.0,3.0,3.5,4.5,4.0,3.7,2.5,3.0,3.2,3.5,3.0,3.5,3.83333,4.5,3.0,10.0,,,,,,,1019.8769713862,6748.3269946802,72267.3538249761,1121.08283510739,1.78254629085603,3233.53256740346,3453.3607458363103,,,,,,,,0.256826817934911,390.0,,,,,,,,76.0,,5.09372731582835,44.8956632973436,27.0394502589182,58.2026547329106,,26.2,18.6,34.9,,,,0.7,0.5,0.9,,109.359,249.094,19.8,17.5,22.1,12.0,22.3,19.6,24.8,0.0,345.0,3014.0,120.0,1823.0,,,3374.0,3003502.0,50.4205593375255,2953398.0,49.5794406624745,5956900.0,0.5,4.7,23.2,,2.5,23.4,70.0,32.1,,34.6,38.7,34.8,,,19.2,,,33.6,8.1,3.3,12.9,,,,29.3,,,,,,,,,,,32.1
Lao PDR,63.9566,10.0,,3.5,3.5,3.0,3.3333333333333304,3.5,3.5,2.0,3.5,4.0,3.5,3.4,3.5,3.0,3.1,3.5,3.0,2.5,3.3333333333333304,4.5,2.5,33.0,,,,,,,1538.8443683453602,15096435.9044521,17393373.6228936,2134.7042238196104,5.65592464531687,5689.15496281865,6075.92594663554,,,,,,,,0.665026487247151,150.0,79.3910369873047,89.9612808227539,84.6610412597656,0.95864999294281,90.50106811523442,94.4043807983398,92.46263885498053,197.0,,4.08832495906445,83.4435514828805,1.08929948692092,88.1755483269909,,27.1,25.1,29.2,,,,0.9,0.8,1.0,,173.58900000000003,217.661,51.5,45.8,56.8,29.5,67.9,61.8,73.6,1.0,2251.0,8323.0,350.0,4795.0,,,11010.0,3381100.0,50.1560330217375,3360064.0,49.8439669782625,6741164.0,,,,,,,,,,38.2,45.0,38.7,,,25.0,,,,8.5,5.7,11.3,,,,,,,,,,,,,,,45.4
Latvia,14.1934,,,,,,,,,,,,,,,,,,,,,,,2.5,,,,,,,14284.2883301309,10785.2797964326,12298.3524371602,13639.6941197963,3.818117076935069,23018.773744679704,24723.5639662858,26.4067897796631,24.842679977417003,23.9241409301758,,,,,0.0288391334987705,3500.0,,,,,,,,18.0,,23.5055591892378,,17.3724451270558,,,22.2,14.0,32.2,,,,0.9,0.3,1.5,,85.92,234.554,4.3,3.9,4.6,2.6,5.0,4.6,5.4,1.0,32.0,87.0,4.0,52.0,,,102.0,1069908.0,54.1033198221278,907619.0,45.8966801778722,1977527.0,0.4,0.7,1.5,,0.7,1.5,4.0,,,24.3,25.0,24.3,,,18.0,,,,21.6,8.2,37.4,,,,,,,,,,,,,,,
Lebanon,12.5314,,76.0,,,,,,,,,,,,,,,,,,,,,3.7,,,,,,,6400.57906671425,9648872.94307174,11532122.6608751,7649.8326108624,-3.73930984948434,11887.2672667924,12695.4101431457,,,,,,,,0.0272700650371935,3700.0,,,,,,,,15.0,,25.270113724445896,24.5793858959892,32.9828383719884,5.35990759419905,,17.9,15.2,20.4,,,,0.3,0.3,0.3,,50.412,70.223,7.2,6.8,7.4,4.9,8.4,7.9,8.7,0.0,118.0,601.0,13.0,418.0,,,689.0,3251219.0,49.7685545967111,3281459.0,50.2314454032889,6532678.0,,,,,,,,,,30.0,34.5,30.2,,,3.1,,,,3.3,2.4,4.2,,,,,,,,,,,,,,,21.2
Lesotho,89.9072,85.0,,3.5,3.0,3.5,3.16667,4.0,3.0,3.0,2.5,4.0,3.5,3.4,3.5,3.5,3.3,3.0,3.0,3.0,3.33333,4.0,3.0,60.7,,,,,,,1402.70368528975,11526.7266822437,15555.3683036744,1219.17785261068,1.98885527180126,2867.14816468684,3062.06809983576,,,,,,,,1.62713877293158,61.0,,,,,,,,487.0,,0.0472638542625776,43.7621066051051,9.99390933847462,76.9527951153638,,26.6,25.4,28.5,,,,3.2,3.3,3.0,,466.443,560.508,70.5,63.5,77.2,39.3,93.8,86.3,100.9,0.0,683.0,4257.0,300.0,2403.0,,,5645.0,1060378.0,51.499158716356106,998643.0,48.500841283643894,2059021.0,,,,,,,,,,26.6,32.8,27.0,,,25.0,,,,21.0,24.1,17.6,,,,,,,,,,,,,,,60.5
Liberia,130.0688,63.0,,3.0,3.0,3.5,3.5,3.5,3.5,2.5,3.5,3.0,3.5,3.0,3.0,2.5,2.9,3.0,2.5,2.5,3.0,3.5,3.0,60.9,,,,,,,571.453129531788,314.604682675086,710.383857717515,710.383857717515,-2.5205546226379,1225.92630469558,1309.26956499574,,,,,,,,3.55258818700446,28.0,,,,,,,,725.0,,2.10179284278386,2.65729007630221,52.2329135967468,15.0197092271296,,17.2,17.5,16.9,,,,1.8,1.1,2.5,,221.505,260.52,59.3,53.9,64.5,26.3,80.1,74.1,85.8,1.0,2190.0,9138.0,1100.0,4114.0,,,12238.0,2217749.0,49.589343100084,2254481.0,50.410656899916,4472230.0,,,,,,,,,,34.6,38.6,35.0,,,11.0,,,,6.5,6.3,6.7,,,,,,,,,,,,,,,60.7
Libya,5.7966,,275.0,,,,,,,,,,,,,,,,,,,,,8.4,,,,,,,5899.899646856279,3756.0516739985496,5991.533915054029,4337.919139193479,-9.66116844062559,14423.0386965157,15403.5732227745,,,,,,,,0.0240762905181788,4200.0,,,,,,,,9.0,,13.0627209534674,5.713420370111611,41.62332694515271,6.272339180510241,,19.7,15.9,23.5,,,,0.5,0.4,0.6,,97.268,172.31099999999995,11.4,10.1,12.6,7.0,13.3,11.9,14.7,0.0,633.0,1461.0,12.0,895.0,,,1711.0,3177417.0,49.5054731001007,3240898.0,50.4945268998993,6418315.0,,,,,,,,,,31.4,37.4,31.7,,,16.0,,,,4.2,2.0,6.3,,,,,,,,,,,,,,,
Liechtenstein,,,,,,,,,,,,,,,,,,,,,,,,,,,,,,,,,161000.800640512,167290.93998390698,,,,,,,,,,,,,,,,,,,,,,,,,,,,,,,,,,,,,,,,,,,,,,,,,,,,,,,,,,37470.0,,,,,,,,,,,,,,,20.0,,,,,,,,,,,,,,,,,,,,,
Lithuania,12.101,,,,,,,,,,,,,,,,,,,,,,,3.3,,,,,,,15381.3487334195,11613.6097159637,12886.4255002737,14291.9064174959,2.98491961943645,27041.9804793202,28910.3621015878,18.3222198486328,17.0520191192627,18.522020339965803,,,,,0.0158638989890202,6300.0,,,,,,,,10.0,,27.888444532853693,,28.0486127139933,,,22.2,13.3,32.8,,,,0.8,0.3,1.3,,85.04799999999999,245.418,4.0,3.7,4.3,2.3,5.0,4.5,5.4,1.0,48.0,125.0,3.0,73.0,,,155.0,1567186.0,53.949551743485095,1337724.0,46.050448256514905,2904910.0,0.5,0.8,1.6,,0.7,1.5,4.2,,,24.7,25.3,24.8,,,23.4,,,,34.9,11.9,61.7,,,,,,,,,,,,,,,29.4
Luxembourg,5.6798,,,,,,,,,,,,,,,,,,,,,,,4.8,,,,,,,107235.270035624,80967.4493156649,90552.1379765592,100428.367962681,1.49230779698387,93727.32059657972,102780.440937044,19.491840362548803,19.2132396697998,42.3261108398438,,,,,0.0154797646652159,6500.0,,,,,,,,10.0,,7.410509756740709,,16.7826722656939,,,9.6,7.4,11.6,,,,0.1,0.1,0.1,,,,2.2,2.0,2.4,1.8,2.7,2.4,2.9,1.0,3.0,14.0,1.0,11.0,,,17.0,283726.0,49.8111130128224,285878.0,50.1888869871776,569604.0,0.2,0.2,0.3,,0.2,0.5,0.5,,,14.9,22.9,15.2,,,28.3,,,,14.7,7.9,21.4,,,,,,,,,,,,,,,19.9
"Macao SAR, China",2.727,,,,,,,,,,,,,,,,,,,,,,,,,,,,,,53478.7334558201,607043.855933963,601597.781044205,75340.9869811152,-23.141150146502,100254.058940584,107069.721593738,,34.423351287841804,24.5718803405762,,,,,,,,,,,,,,,,19.8434218020908,,38.46919964978171,,,,,,,,,,,,,25.663,61.155,,,,,,,,,,,,,,,,313284.0,52.0331210021499,288801.0,47.9668789978501,602085.0,,,,,,,,,,,,,,,,,,,,,,,,,,,,,,,,,,,,
Madagascar,113.7668,7.0,,3.5,2.5,4.5,3.66667,3.5,3.0,2.5,3.0,4.0,3.5,3.2,3.0,2.5,2.7,2.5,2.5,2.5,3.0,4.0,2.5,47.2,,,,,,,410.194159196256,28200.796320455695,1179529.39990975,402.088311769817,0.375524299954961,1377.1682126910098,1470.7934888497698,,,33.711471557617195,,,,,1.66981789789433,60.0,,,,,,,,353.0,,15.9754563123637,7.02216200714399,39.3044916469338,9.07663548461472,,23.1,21.7,24.7,,,,3.3,2.6,4.1,,193.34,243.575,34.9,31.2,38.4,19.4,47.8,43.4,52.0,0.0,9070.0,27871.0,2900.0,15720.0,,,37810.0,12152293.0,50.145452189643706,12081795.0,49.854547810356294,24234088.0,,,,,,,,,,36.7,35.6,36.6,,,20.5,,,,4.0,2.2,5.7,,,,,,,,,,,,,,,30.7
Malawi,141.779,83.0,,3.5,3.0,3.0,2.83333,4.0,3.5,3.0,2.5,3.5,3.0,3.5,3.5,3.5,3.1,3.0,2.5,3.5,3.16667,3.5,2.5,61.7,,,,,,,507.548405016318,76379.2845611692,190148.485220005,380.5970331409381,0.0020550230572098,1142.55428298268,1220.22958748423,10.0074300765991,27.6788997650146,,,,,,3.45241418671994,29.0,55.2041091918945,69.75396728515629,62.1435394287109,1.01233005523682,73.38580322265629,72.4917221069336,72.93560791015629,634.0,,24.539994780645,33.229754277168105,29.3389346922002,33.3121093034906,,16.3,14.5,18.6,,,,2.1,1.6,2.6,,238.148,351.5680000000001,42.0,37.6,46.3,24.1,61.7,56.2,67.0,1.0,7165.0,27008.0,4200.0,15754.0,,,39231.0,8453331.0,50.48180208433031,8291972.0,49.518197915669695,16745303.0,,,,,,,,,,32.7,41.2,33.6,,,16.7,,,,3.6,1.6,5.7,,,,,,,,,,,,,9.0,42.1,60.6
Malaysia,13.308,95.0,,,,,,,,,,,,,,,,,,,,,,18.0,,,,,,,10912.1513483495,35149.1307081684,38271.4298937708,9799.36753137135,3.6875522711983,25390.4352588725,27116.576256752596,16.3302707672119,,,,,,,0.0815062696640714,1200.0,,,,,,,,40.0,,11.0502263960432,27.120646980365898,6.5261987021031205,33.3963857663217,,17.3,14.3,20.3,,,,0.5,0.3,0.6,,85.20700000000002,158.239,6.5,5.9,7.0,4.0,7.6,6.9,8.2,0.0,1256.0,3369.0,200.0,2079.0,,,3919.0,14627718.0,48.3226085761841,15643244.0,51.6773914238159,30270962.0,0.0,0.0,0.5,,0.0,0.2,2.7,0.4,,23.4,36.2,23.9,,,10.4,,,,5.4,3.1,7.6,,,,,,,,,,,,,,,20.0
